{
    "name": "アクティブクーリング",
    "icon": "minecraft:water_bucket",
    "category": "bigreactors:reactor-operational_mode",
    "read_by_default": true,
    "sortnum": 2,
    "pages": [
        {
            "type": "text",
            "text": "アクティブクーリングとは、外部からの冷媒を使用してﾘｱｸﾀｰ内の熱を放散する形式のことです。$(br2)冷媒はﾌﾟﾛｾｽ中に気化され、結果として生じる蒸気をﾘｱｸﾀｰから取り出し、1つ、または複数のﾀｰﾋﾞﾝﾛｰﾀｰを稼働させることができます。"
        },
        {
            "type": "text",
            "text": "ｱｸﾃｨﾌﾞｸｰﾘﾝｸﾞのﾘｱｸﾀｰを構築するには、ﾏﾙﾁﾌﾞﾛｯｸの構造体に、最低2つの冷媒ポートを組み込む必要があります。$(br)1つはﾘｱｸﾀｰに冷媒を送り込むために、もう1つはﾘｱｸﾀｰで生成された蒸気を取り出すために使われます。$(br2)取り出された蒸気を、ﾊﾟｲﾌﾟなどを使ってﾀｰﾋﾞﾝへ送り、ｴﾈﾙｷﾞｰを生成させることができます。"
        }
    ]
}
