{
    "name": "内部の仕組み:リアクター",
    "icon": "bigreactors:reactorfuelrod",
    "category": "bigreactors:reactor",
    "read_by_default": true,
    "sortnum": 1,
    "pages": [
        {
            "type": "text",
            "text": "リアクターは、どうやって$(l:reactor/passive)ｴﾈﾙｷﾞｰを生成したり$(/l)、$(l:reactor/active)冷媒を気化させたり$(/l)しているのでしょう？ これは、熱によって行われているのです。$(br2)燃焼(核分裂反応)された$(l:reactor/reactants)燃料$(/l)は高温になります。 $(l:reactor/moderators)減速材$(/l)はその輻射の一部(中性子)を吸収し、$(l:reactor/part-fuelrod)燃料棒$(/l)の熱を$(l:reactor/part-casing)外装材$(/l)に伝達させます。 外装材の熱は最終的にｴﾈﾙｷﾞｰに変換されたり、$(l:misc/coolantsystem)冷媒$(/l)を気化させることに使用されます。"
        },
        {
            "type": "text",
            "text": "$(l:reactor/part-fuelrod)燃料棒$(/l)から熱を移すことは、ﾘｱｸﾀｰ設計における非常に重要な部分であり、$(l:reactor/moderators)減速材$(/l)がその大切な役割を担います。 放射線は、$(l:reactor/part-fuelrod)燃料棒$(/l)の縦軸と直交する全ての方向に移動してゆくことを考慮するのも重要です。$(br2)$(italic)ここまでの内容で、最高のﾘｱｸﾀｰを実現させることには十分迫りつつあります。$(br)一方で、この説明はﾀｰﾋﾞﾝ内で実際に行われていることを、極めて単純化させた内容であることに注意してください。$()"
        }
    ]
}