{
    "name": "減速材",
    "icon": "minecraft:iron_block",
    "category": "bigreactors:reactor",
    "read_by_default": true,
    "sortnum": 3,
    "pages": [
        {
            "type": "text",
            "text": "放射線の減速材(ﾓﾃﾞﾚｰﾀｰ)とは、燃料から放射される放射線を吸収し、$(l:reactor/part-fuelrod)燃料棒$(/l)から$(l:reactor/innerworking)の熱を受けとる$(/l)ためにﾘｱｸﾀｰ内に配置されるﾌﾞﾛｯｸ、または液体を指します。$(br2)特定の減速材は、他の減速材よりも高い/低い効率で放射を熱に変換したり、多くの熱を吸収できることがあります。また、分類上で同じでも、より高い熱伝導を有することがあります。"
        },
        {
            "type": "text",
            "text": "安価で不純物の多いものを用いることも可能ですが、全体としてみればまったく非効率的です。$(br)例えば空気など:$(br)それでも一応機能しますが、本当に微々たる性能です。$(br2)通常は、希少価値の高いﾌﾞﾛｯｸ/液体であり、作成ｺｽﾄの高いものは一般的なものよりも優れた性能を有しています。$(br2)"
        },
        {
            "type": "text",
            "text": "ExtremeReactorsでは、あらかじめ、ﾊﾞﾆﾗやMODで追加されたﾌﾞﾛｯｸ/液体における減速材としての数値が登録されています。$(br)その他のMOD/Modpackにおいて独自の減速材を追加したり、既存の減速材の値を変更/削除することができます。$(br2)ﾘｱｸﾀｰ内には、減速材として有効なもののみを配置することができます。$(br)無効な減速材は、ﾘｱｸﾀｰにおけるﾏﾙﾁﾌﾞﾛｯｸの形成を妨げます。"
        }
    ]
}
