{
    "name": "冷媒ポート",
    "icon": "bigreactors:reactorcoolantport",
    "category": "bigreactors:reactor-parts",
    "read_by_default": true,
    "sortnum": 10,
    "pages": [
        {
            "type": "spotlight",
            "item": "bigreactors:reactorcoolantport",
            "link_recipe": true,
            "title" : "冷媒ポート",
            "text": "冷媒ﾎﾟｰﾄは、$(l:reactor/active)アクティブクーリング$(/l)のﾘｱｸﾀｰにおいて液体の搬入/搬出を行う場所になります。$(br2)このﾎﾟｰﾄはﾊﾞﾆﾗにおける液体の受け入れ、放出を行いますが、それらが有効な$(l:misc/coolantsystem)冷媒、または蒸気$(/l)である場合に限ります。"
        },
        {
            "type": "crafting",
            "recipe": "bigreactors:reactorcoolantport",
            "title": "リアクター:冷媒ポート",
            "text": "$(l:misc/wrench)レンチ$(/l)を使用して、ﾎﾟｰﾄの入力/出力ﾓｰﾄﾞを切り替えることができます。"
        },
        {
            "type": "part_usage",
            "text": "$(l)構築に必須:$() いいえ$(br)$(l)有効な配置位置:$() 全ての面に可能(辺部分以外)$(br)$(l)GUI:$() なし$(br)$(l)レンチ:$() $(l:misc/wrench)レンチ$(/l)を使用して、ﾎﾟｰﾄの切り替えが行える"
        }
    ]
}