{
    "name": "制御棒",
    "icon": "bigreactors:reactorcontrolrod",
    "category": "bigreactors:reactor-parts",
    "read_by_default": true,
    "sortnum": 5,
    "pages": [
        {
            "type": "spotlight",
            "item": "bigreactors:reactorcontrolrod",
            "link_recipe": true,
            "title" : "制御棒",
            "text": "制御棒は、$(l:reactor/part-fuelrod)燃料棒$(/l)に含まれる反応物による中性子放射を吸収できる素材でできており、杭として$(l:reactor/part-fuelrod)燃料棒$(/l)の中に挿入されるものです。$(br2)これにより燃料の消費、熱や廃棄物の発生を抑制、または完全に停止させることができます。"
        },
        {
            "type": "text",
            "text": "制御棒を右ｸﾘｯｸし、GUIを開くことができます。$(br2)このｲﾝﾀｰﾌｪｰｽでは、制御棒に名前を割り当てることができます。この名前は後に、$(l:reactor/part-computerport)コンピューターポート$(/l)においてﾘｱｸﾀｰの管理を行う際に、特定の制御棒を参照するために使用できます。$(br2)挿入率(insertion percentage)と$(br)は、制御棒が$(l:reactor/part-fuelrod)燃料棒$(/l)の集合体に挿入される量の指定です。それぞれの制御棒ごとに、または制御棒全体の値を変更できます。"
        },
        {
            "type": "crafting",
            "recipe": "bigreactors:reactorcontrolrod",
            "title": "リアクター:制御棒"
        },
        {
            "type": "part_usage",
            "text": "$(l)構築に必須:$() 必須$(br)$(l)有効な配置位置:$() 全てを単一の面に配置し、その内側に向けて燃料棒を繋げる$(br)$(l)GUI:$() あり"
        }
    ]
}