{
    "name": "リアクター制御部",
    "icon": "bigreactors:reactorcontroller",
    "category": "bigreactors:reactor-parts",
    "read_by_default": true,
    "sortnum": 3,
    "pages": [
        {
            "type": "spotlight",
            "item": "bigreactors:reactorcontroller",
            "link_recipe": true,
            "title" : "リアクター制御部",
            "text": "制御部は、ﾘｱｸﾀｰにおけるﾒｲﾝｲﾝﾀｰﾌｪｰｽです。$(br2)制御部を右ｸﾘｯｸしてGUIを開き、そこからﾘｱｸﾀｰのOn/Offを切り替えたり、燃料棒に含まれる反応物の量、ﾘｱｸﾀｰの温度などを確認することができます。"
        },
        {
            "type": "text",
            "text": "ﾘｱｸﾀｰの動作ﾓｰﾄﾞに応じて、内部ｴﾈﾙｷﾞｰﾊﾞｯﾌｧの状態、$(l:reactor/passive)パッシブクーリング$(/l)におけるﾘｱｸﾀｰの生産比率、もしくは、$(l:reactor/active)アクティブクーリング$(/l)における、ﾘｱｸﾀｰ内の冷媒と蒸気の量を確認することができます。"
        },
        {
            "type": "crafting",
            "recipe": "bigreactors:reactorcontroller",
            "title": "リアクター:制御部"
        },
        {
            "type": "part_usage",
            "text": "$(l)構築に必須:$() 最低1つ必要$(br)$(l)有効な配置位置:$() 全ての面に可能(辺部分以外)$(br)$(l)GUI:$() あり"
        }
    ]
}