{
    "name": "リアクターの外装材",
    "icon": "bigreactors:reactorcasing",
    "category": "bigreactors:reactor-parts",
    "read_by_default": true,
    "sortnum": 1,
    "pages": [
        {
            "type": "spotlight",
            "item": "bigreactors:reactorcasing",
            "link_recipe": true,
            "title" : "リアクターの外装材",
            "text": "外装材のﾌﾞﾛｯｸはﾘｱｸﾀｰの構成ﾊﾟｰﾂです。$(br2)ﾘｱｸﾀｰのﾌﾚｰﾑ(辺部分)を構築する他に、他のﾊﾟｰﾂを作成する素材としても使われます。$(br)ｶﾞﾗｽの見た目を好まない場合は、ﾘｱｸﾀｰの面部分の全てを外装材ﾌﾞﾛｯｸで埋めることもできます。"
        },
        {
            "type": "crafting",
            "recipe2": "bigreactors:reactorcasing",
            "title": "リアクター:外装材",
            "text": "これらを大量に作ることになるでしょう。"
        },
        {
            "type": "part_usage",
            "text": "$(l)構築に必須:$() ﾌﾚｰﾑ(辺部分)を構築するために必要$(br)$(l)有効な位置:$() どこにでも$(br)$(l)GUI:$() なし"
        }
    ]
}