{
    "name": "リアクターのガラス材",
    "icon": "bigreactors:reactorglass",
    "category": "bigreactors:reactor-parts",
    "read_by_default": true,
    "sortnum": 2,
    "pages": [
        {
            "type": "spotlight",
            "item": "bigreactors:reactorglass",
            "link_recipe": true,
            "title" : "リアクターのガラス材",
            "text": "ガラス材ﾌﾞﾛｯｸは外装材ﾌﾞﾛｯｸの代りに使用できる装飾ﾌﾞﾛｯｸであり、ﾘｱｸﾀｰの内部を表示させることができます。"
        },
        {
            "type": "crafting",
            "recipe": "bigreactors:reactorglass_vanillaglass",
            "title": "リアクター:ガラス材"
        },
        {
            "type": "part_usage",
            "text": "$(l)構築に必須:$() いいえ$(br)$(l)有効な配置位置:$() 全ての面に可能(辺部分以外)$(br)$(l)GUI:$() なし"
        }
    ]
}