{
    "name": "燃料棒",
    "icon": "bigreactors:reactorfuelrod",
    "category": "bigreactors:reactor-parts",
    "read_by_default": true,
    "sortnum": 4,
    "pages": [
        {
            "type": "spotlight",
            "item": "bigreactors:reactorfuelrod",
            "link_recipe": true,
            "title" : "燃料棒",
            "text": "燃料棒は、水平/垂直に並べて繋げた集合体としてﾘｱｸﾀｰ内に配置します。$(br)それらは燃料、または廃棄物、あるいはそれら2つの混合物のいずれかである反応物の貯蔵器として機能し、稼働状態のﾘｱｸﾀｰにおいて放射線を出して熱を生成します。後にそれはｴﾈﾙｷﾞｰに変換、または冷媒の気化に使用されます。"
        },
        {
            "type": "text",
            "text": "並べる燃料棒の始端は$(l:reactor/part-casing)外装材ﾌﾞﾛｯｸ$(/l)に繋げ、終端は$(l:reactor/part-controlrod)制御棒$(/l)に繋げられている必要があります。$(br2)全ての燃料棒は垂直(Y軸に沿い)、または水平(X軸、またはX軸沿い)に配置することができますが、それらを混在させたり、一部を共通させたりすることはできません。$(br2)この要件の結果として、ﾘｱｸﾀｰにおいては、全ての制御棒を同じ面の側に配置させるべきであるのに注意してください。"
        },
        {
            "type": "crafting",
            "recipe": "bigreactors:reactorfuelrod_vanillaglass",
            "title": "リアクター:燃料棒"
        },
        {
            "type": "part_usage",
            "text": "$(l)構築に必須:$() 必須$(br)$(l)有効な配置位置:$() リアクター内部$(br)$(l)GUI:$() なし"
        }
    ]
}