{
    "name": "アクセスポート",
    "icon": "bigreactors:reactoraccessport",
    "category": "bigreactors:reactor-parts",
    "read_by_default": true,
    "sortnum": 6,
    "pages": [
        {
            "type": "spotlight",
            "item": "bigreactors:reactoraccessport",
            "link_recipe": true,
            "title" : "アクセスポート",
            "text": "アクセスポートは、固体素材(通常はｲﾝｺﾞｯﾄ)を、燃料である反応物に変換します。$(br)$(l:reactor/part-fuelrod)燃料棒$(/l)を満たし、ﾘｱｸﾀｰに動力を供給します。$(br2)GUIではﾎﾟｰﾄのﾓｰﾄﾞを設定できます。$(bold)装荷(inlet)ﾓｰﾄﾞ$()では燃料となる原料を受け入れ、$(bold)排出(outlet)ﾓｰﾄﾞ$()では廃棄物を排出します。"
        },
        {
            "type": "text",
            "text": "ﾎﾟｰﾄのﾓｰﾄﾞは$(l:misc/wrench)レンチ$(/l)を使って切り替えます。$(br2)GUIを開き、ｱｲﾃﾑを手動で搬入/搬出することもできます。"
        },
        {
            "type": "crafting",
            "recipe": "bigreactors:reactoraccessport",
            "title": "リアクター:アクセスポート"
        },
        {
            "type": "part_usage",
            "text": "$(l)構築に必須:$() いいえ, ただし、2つあるのが望ましい$(br)$(l)有効な配置位置:$() 全ての面に可能(辺部分以外)$(br)$(l)GUI:$() あり$(br)$(l)レンチ:$() $(l:misc/wrench)レンチ$(/l)を使用してﾎﾟｰﾄの切り替えが行える"
        }
    ]
}