{
    "name": "クリエイティブ冷媒ポート",
    "icon": "bigreactors:reactorcreativecoolantport",
    "category": "bigreactors:reactor-parts",
    "read_by_default": true,
    "sortnum": 12,
    "pages": [
        {
            "type": "spotlight",
            "item": "bigreactors:reactorcreativecoolantport",
            "link_recipe": true,
            "title" : "クリエイティブ冷媒ポート",
            "text": "$(l:reactor/active)アクティブクーリング$(/l)のﾘｱｸﾀｰにおいて一定の水を供給する機能を持ったﾌﾞﾛｯｸであり、ｸﾘｴｲﾃｨﾌﾞﾓｰﾄﾞ限定のﾊﾟｰﾂとなっています。"
        },
        {
            "type": "part_usage",
            "text": "$(l)構築に必須:$() いいえ$(br)$(l)有効な配置位置:$() 全ての面に可能(辺部分以外)$(br)$(l)GUI:$() なし$(br)$(l)ｸﾘｴｲﾃｨﾌﾞﾓｰﾄﾞ:$() このﾊﾟｰﾂはｸﾘｴｲﾃｨﾌﾞﾓｰﾄﾞでのみ利用可能であり、そのためｸﾗﾌﾄﾚｼﾋﾟはありません。"
        }
    ]
}