{
    "name": "レッドストーンポート",
    "icon": "bigreactors:reactorredstoneport",
    "category": "bigreactors:reactor-parts",
    "read_by_default": true,
    "sortnum": 9,
    "pages": [
        {
            "type": "spotlight",
            "item": "bigreactors:reactorredstoneport",
            "link_recipe": true,
            "title" : "レッドストーンポート",
            "text": "このブロックを組み込むことで、ﾚｯﾄﾞｽﾄｰﾝ信号を使用したﾘｱｸﾀｰの自動化が行えます。$(br2)設定を行うために、ﾎﾟｰﾄのGUIを開きます。次に、3つの入力設定(信号の読み取り)と、$(br)6つの出力設定(信号の出力)から選択することができます。"
        },
        {
            "type": "text",
            "text": "$(bold)入力設定$()$(br2)ﾚｯﾄﾞｽﾄｰﾝ信号を受信した場合に、以下の内のいずれかの動作を実行します。$(br2)$(li)$(o)On / Off :$()受信した信号に応じ、ﾘｱｸﾀｰを稼働/停止させる$(li)$(o)廃棄物の排出 :$()廃棄物を、排出ﾓｰﾄﾞになっているｱｸｾｽﾎﾟｰﾄに移す$(li)$(o)制御棒の挿入 :$()ﾘｱｸﾀｰ内全ての制御棒の挿入率を設定する"
        },
        {
            "type": "text",
            "text": "$(bold)出力設定$()$(br2)次のいずれかの条件が満たされた時に、ﾚｯﾄﾞｽﾄｰﾝ信号を出力します。$(br2)$(li)$(o)外装材の温度 :$()ﾘｱｸﾀｰの外装の熱が所定の温度を上回る、または下回る$(li)$(o)燃料の温度 :$()ﾘｱｸﾀｰｺｱ(炉心)の熱が所定の温度を上回る、または下回る$(li)$(o)燃料の混合 :$()燃料内の濃度率(Fuel_Richness)が所定の数値を上回る、または下回る"
        },
        {
            "type": "text",
            "text": "$(li)$(o)燃料の量 :$()有効な燃料の量が所定の数値を上回る、または下回る$(li)$(o)水の量 :$()有効な廃棄物の量が所定の数値を上回る、または下回る$(li)$(o)ｴﾈﾙｷﾞｰ量 :$()内部ﾊﾞｯﾌｧに保持されているｴﾈﾙｷﾞｰの量が、所定の数値を上回る、または下回る"
        },
        {
            "type": "text",
            "text": "ﾘｱｸﾀｰを完全に自動化させるためには、通常、2つ以上のﾚｯﾄﾞｽﾄｰﾝﾎﾟｰﾄが必要です。$(br2)より複雑な自動化については、$(l:reactor/part-computerport)コンピューターポート$(/l)をご覧ください。"
        },
        {
            "type": "crafting",
            "recipe": "bigreactors:reactorredstoneport",
            "title": "リアクター:ﾚｯﾄﾞｽﾄｰﾝﾎﾟｰﾄ"
        },
        {
            "type": "part_usage",
            "text": "$(l)構築に必須:$() いいえ$(br)$(l)有効な配置位置:$() 全ての面に可能(辺部分以外)$(br)$(l)GUI:$() なし"
        }
    ]
}