{
    "name": "RF出力タップ:ﾘｱｸﾀｰ",
    "icon": "bigreactors:reactorpowertaprf",
    "category": "bigreactors:reactor-parts",
    "read_by_default": true,
    "sortnum": 7,
    "pages": [
        {
            "type": "spotlight",
            "item": "bigreactors:reactorpowertaprf",
            "link_recipe": true,
            "title" : "RF出力タップ:ﾘｱｸﾀｰ",
            "text": "RF出力ﾀｯﾌﾟを組み込むことで、$(l:reactor/passive)パッシブクーリング$(/l)のﾘｱｸﾀｰからｴﾈﾙｷﾞｰ取り出すことができます。$(br2)このﾀｯﾌﾟ部から出力されるのは、Redstone Flux、あるいはForge Energyの$(l:misc/powersystem)動力システム$(/l)のものであり、これらの規格と互換性のあるﾊﾟｲﾌﾟ、または機械とのみ接続させることができます。"
        },
        {
            "type": "text",
            "text": "構築する際に組み込める出力ﾀｯﾌﾟの種類は、1基のﾘｱｸﾀｰにつき1種類となっています。"
        },
        {
            "type": "crafting",
            "recipe": "bigreactors:reactorpowertaprf",
            "title": "リアクター:RF出力タップ"
        },
        {
            "type": "part_usage",
            "text": "$(l)構築に必須:$() いいえ$(br)$(l)有効な配置位置:$() 全ての面に可能(辺部分以外)$(br)$(l)GUI:$() なし$(br)$(l)動力システム:$() Redstone Flux, Forge Energy"
        }
    ]
}