{
    "name": "パッシブクーリング",
    "icon": "bigreactors:blockgraphite",
    "category": "bigreactors:reactor-operational_mode",
    "read_by_default": true,
    "sortnum": 1,
    "pages": [
        {
            "type": "text",
            "text": "パッシブクーリングは、外部の冷媒を使わない、ﾘｱｸﾀｰ内の熱を放散せずに直接$(l:reactor/innerworking)ｴﾈﾙｷﾞｰを生成させて$(/l)取り出す形式のことです。$(br2)この本の最初のﾍﾟｰｼﾞで述べられている$(l:intro/first)最初のﾘｱｸﾀｰ$(/l)とは、ﾊﾟｯｼﾌﾞｸｰﾘﾝｸﾞで稼働するﾘｱｸﾀｰです。"
        }
    ]
}