{
    "name": "反応物",
    "icon": "bigreactors:ingotyellorium",
    "category": "bigreactors:reactor",
    "read_by_default": true,
    "sortnum": 2,
    "pages": [
        {
            "type": "text",
            "text": "反応物は、ﾘｱｸﾀｰ内での核反応を維持するために使用する化学物質です。$(br2)反応物には2つのﾀｲﾌﾟがあります:$(li)$(bold)燃料:$() そのままの意味であり、$(l:reactor/part-fuelrod)燃料棒$(/l)内の核連鎖反応を維持するための燃料です。$(li)$(bold)廃棄物:$() ﾘｱｸﾀｰの稼働によって消費された、反応物からの廃棄副産物です。"
        },
        {
            "type": "text",
            "text": "ExtremeReactorsには、ﾃﾞﾌｫﾙﾄで2つの反応物が登録されています。 ｲｴﾛﾘｳﾑという名前の燃料と、それに連なる廃棄物のｼｱﾝﾅｲﾄです。$(br)全ての反応物にはｱｲﾃﾑﾘｽﾄがあり、ｱｲﾃﾑをｱｸｾｽﾎﾟｰﾄに入れた場合には、そのリストに従って反応物が生成されます。$(br2)例えば、$(l:intro/ores)ｲｴﾛﾘｳﾑｲﾝｺﾞｯﾄ$(/l)を入れると、ｲｴﾛﾘｳﾑという反応物を取得することができます。ｼｱﾝﾅｲﾄという反応物は、ﾘｱｸﾀｰから排出された場合にｼｱﾝﾅｲﾄ$(br)ｲﾝｺﾞｯﾄに変わります。"
        },
        {
            "type": "text",
            "text": "その他のMOD/Modpackにおいて独自の反応物とその原料を追加したり、既存のものを変更/削除することができます。"
        }
    ]
}