{
	"title": "ファームギアボックス(動力)",
	"icon": {
		"item": "forestry:ffarm",
		"data": 2
	},
	"content": [
		[
			{
				"text": "作物の収獲を自動化させるには、ファームに動力を供給するための設備であるファームギアボックスを、最低1つ組み込まなければいけません。"
			},
			{
				"text": "ｷﾞｱﾎﾞｯｸｽを追加してゆくことで、ﾌｧｰﾑの収獲作業を捗らせることができます。",
				"paragraph": true
			},
			{
				"text": "・ﾚｯﾄﾞｽﾄｰﾝﾌﾗｯｸｽｴﾈﾙｷﾞｰ",
				"color": "red",
				"paragraph": true
			},
			{
				"text": "\n"
			},
			{
				"text": "ﾌｧｰﾑを稼働させるためには、上記の名前のｴﾈﾙｷﾞｰを必要とします。 ｷﾞｱﾎﾞｯｸｽに配線を行うことで、RFｴﾈﾙｷﾞｰの供給が行えます。",
				"color": "red"
			}
		], 
		[
			{
				"text": "・スピーディングファーム",
				"color": "dark_purple"
				"paragraph": true,
			},
			{
				"text": "\n"
			},
			{
				"text": "ファームでは基本的に、ギアボックスが1つずつ作業を実行してゆくのですが、複数のギアボックスが備わっていれば、ﾌｧｰﾑはより頻繁に作業を行うことができます。",
				"color": "dark_purple"
			},
			{
				"type": "crafting",
				"locations": [
					"forestry:farm_gearbox_brick"
				]
			}
		]
	]
}