{
	"title": "ファームのGUI",
	"icon":{
		"item": "glass"
	},
	"content": [
		[
			{
				"type": "image",
					"u": 0,
					"v": 0,
					"uWidth": 648,
					"vHeight": 406,
					"textureLocation": "forestry:textures/gui/almanac/guis/multi_farm.png",
					"textureWidth": 648,
					"textureHeight": 406,
					"width": 102,
					"height": 64
			},
			{
				"type": "index",
				"entries": [
					{
						"title": "I - 給水スロット",
						"page": 1
					},
					{
						"title": "II - 貯水タンク",
						"page": 1
					},
					{
						"title": "III - 回路基板ソケット",
						"page": 2
					},
					{
						"title": "IV - 肥料スロット",
						"page": 3
					},
					{
						"title": "V - 土壌インベントリ",
						"page": 3
					},
					{
						"title": "VI - 種苗インベントリ",
						"page": 4
					},
					{
						"title": "VII - 搬出インベントリ",
						"page": 4
					}
				]
			}
		],
		[
			{
				"text": "GUIは7つの区分に分けられます:"
			},
			{
				"text": "I - 給水スロット",
				"paragraph": true,
				"bold": true
			},
			{
				"text": "\n"
			},
			{
				"text": "貯水槽(II)を補充するために、水の入ったバケツ/カン/カプセルをここへ入れて下さい。"
			},
			{
				"text": "II - 貯水タンク",
				"paragraph": true,
				"bold": true
			},
			{
				"text": "\n"
			},
			{
				"text": "マルチファームに蓄えられている水の量を示しています。 給水スロット(I)、またはファームバルブブロックを介して、ここへ供給が行えます。"
			}
		],
		[
			{
				"text": "III - 回路基板ソケット",
				"bold": true
			},
			{
				"text": "\n"
			},
			{
				"text": "この区画には現在のﾏﾙﾁﾌｧｰﾑの設定が表示されます。 マルチファームの動作を変更する真空管を搭載するための、回路基板の配置(またははんだごてで取り外し)を行える中央ソケットが設けられています。 詳細についてはファームの設定を参照してください。"
			}
		],
		[
			{
				"text": "IV - 肥料スロット",
				"bold": true
			},
			{
				"text": "\n"
			},
			{
				"text": "ほとんどのファームの運用には、肥料が必要となります。 ここから肥料を入れるか、またはパイプ類を使ってマルチファームへ搬入を行います。"
			},
			{
				"text": "V - 土壌インベントリ",
				"paragraph": true,
				"bold": true
			},
			{
				"text": "\n"
			},
			{
				"text": "ファームに土壌の配置を行う、または疲弊した土壌ブロックの置き換えを行うために必要な土壌のブロックを配置する場所です。 (管理されたファームの場合に)"
			}
		],
		[
			{
				"text": "VI - 種苗インベントリ",
				"bold": true
			},
			{
				"text": "\n"
			},
			{
				"text": "ファームにおいて成育を行う苗木, 種子, サボテン, などを配置する場所です。 (種苗:ｼｭﾋﾞｮｳ)"
			},
			{
				"text": "VII - 搬出インベントリ",
				"paragraph": true,
				"bold": true
			},
			{
				"text": "\n"
			},
			{
				"text": "収獲したものや廃棄物などがここへ集まります。"
			}
		]
	]
}