{
	"title": "ファームストラクチャ",
	"icon":{
		"item": "forestry:ffarm"
	},
	"content": [
		[
			{
				"text": "ファーム(農場)を構成する主要なブロック、それがファームブロックです。 ファームはﾏﾙﾁﾌﾞﾛｯｸ構造であるため、求める規模に応じて使用する個数が変わります。 ファームの3層目は、全体がファームブロックで構成されている必要があります。 構造内の他全てのブロックは、他の構成ブロックと置き換えが可能です。"
			}
		],
		[
			{
				"type": "crafting",
				"locations": [
					"forestry:farm_basic_brick"
				]
			},
			{
				"text": "レシピ内のレンガには石レンガ(任意の種類)、砂岩(滑らか/彫刻)、またはクォーツを使うことができます。 選択した素材によって、ファームの見た目が決まります。 様々な素材を組み合わせて飾り付けをすることも可能です。"
			}
		]
	],
	"subEntries": [ 
		"farming/farm_structure.valve", 
		"farming/farm_structure.gearbox", 
		"farming/farm_structure.hatch", 
		"farming/farm_structure.control"
	]
}