{
	"title": "ファーム制御ブロック",
	"icon": {
		"item": "forestry:ffarm",
		"data": 5
	},
	"content": [
		[
			{
				"text": "レッドストーン信号を入力することで、ファームの土壌の稼働を制御できるブロックです。 制御ブロックの上面,底面に信号を入力するとファーム全体を停止させ、側面から信号の入力を行うと、対応する面の側の区画を停止させることができます。"
			}
		],
		[
			{
				"type": "crafting",
				"locations": [
					"forestry:farm_control_brick"
				]
			}
		]
	]
}