{
	"title": "ファームバルブ(水の供給)",
	"icon": {
		"item": "forestry:ffarm",
		"data": 4
	},
	"content": [
		[
			{
				"text": "いくつかのファームでは、成育のために水を必要としています。 液体の容器(カンやバケツ)を使って手動で水を供給することもできますが、ファームバルブを使うことで作業を自動化させることができます。"
			},
			{
				"text": "Buildcraftの防水パイプ等をファームバルブに接続して水を供給することで、ファームの貯水タンクを自動で補充することができます。",
				"paragraph": true
			}
		],
		[
			{
				"type": "crafting",
				"locations": [
					"forestry:farm_valve_brick"
				]
			}
		]
	]
}