{
	"title": "ファームのレイアウト",
	"icon": {
		"item": "forestry:wrench"
	},
	"content": [
		[
			{
				"type": "index",
				"entries": [
					{
						"title": "最小規模",
						"page": 1
					},
					{
						"title": "小規模",
						"page": 2
					},
					{
						"title": "中規模",
						"page": 3
					},
					{
						"title": "大規模",
						"page": 4
					},
					{
						"title": "最大規模",
						"page": 5
					}
				]
			}
		],
		[
			{
				"text": "最小規模",
				"underlined": true
			},
			{
				"text": "\n"
			},
			{
				"text": "縦×横×高さ: 3×3×4"
			},
			{
				"text": "\n"
			},
			{
				"text": "半径: 7ブロック"
			},
			{
				"text": "\n"
			},
			{
				"text": "広さ (縦x横): 17x17"
			},
			{
				"text": "\n"
			},
			{
				"text": "ファームブロック: 36"
			},
					{
				"text": "\n"
			},
			{
				"text": "土壌の面積: 168"
			},
			{
					"type": "image",
					"center": true,
					"u": 0,
					"v": 0,
					"uWidth": 171,
					"vHeight": 171,
					"textureLocation": "forestry:textures/gui/almanac/fam_layouts/3x3.png",
					"textureWidth": 171,
					"textureHeight": 171,
					"width": 89,
					"height": 89
			}
		],
		[
			{
				"text": "小規模",
				"underlined": true
			},
			{
				"text": "\n"
			},
			{
				"text": "縦×横×高さ: 3×4×4"
			},
			{
				"text": "\n"
			},
			{
				"text": "半径: 9ブロック"
			},
			{
				"text": "\n"
			},
			{
				"text": "広さ (縦x横): 21×22"
			},
			{
				"text": "\n"
			},
			{
				"text": "ファームブロック: 48"
			},
					{
				"text": "\n"
			},
			{
				"text": "土壌の面積: 270"
			},
			{
					"type": "image",
					"center": true,
					"u": 0,
					"v": 0,
					"uWidth": 211,
					"vHeight": 221,
					"textureLocation": "forestry:textures/gui/almanac/fam_layouts/3x4.png",
					"textureWidth": 211,
					"textureHeight": 221,
					"width": 85,
					"height": 89
			}
		],
		[
			{
				"text": "中規模",
				"underlined": true
			},
			{
				"text": "\n"
			},
			{
				"text": "縦×横×高さ: 4×4×4"
			},
			{
				"text": "\n"
			},
			{
				"text": "半径: 9ブロック"
			},
			{
				"text": "\n"
			},
			{
				"text": "広さ (縦x横): 22×22"
			},
			{
				"text": "\n"
			},
			{
				"text": "ファームブロック: 64"
			},
					{
				"text": "\n"
			},
			{
				"text": "土壌の面積: 288"
			},
			{
					"type": "image",
					"center": true,
					"u": 0,
					"v": 0,
					"uWidth": 221,
					"vHeight": 221,
					"textureLocation": "forestry:textures/gui/almanac/fam_layouts/4x4.png",
					"textureWidth": 221,
					"textureHeight": 221,
					"width": 89,
					"height": 89
			}
		],
		[
			{
				"text": "大規模",
				"underlined": true
			},
			{
				"text": "\n"
			},
			{
				"text": "縦×横×高さ: 3×5×4"
			},
			{
				"text": "\n"
			},
			{
				"text": "半径: 11ブロック"
			},
			{
				"text": "\n"
			},
			{
				"text": "広さ (縦x横): 25×27"
			},
			{
				"text": "\n"
			},
			{
				"text": "ファームブロック: 60"
			},
					{
				"text": "\n"
			},
			{
				"text": "土壌の面積: 396"
			},
			{
					"type": "image",
					"center": true,
					"u": 0,
					"v": 0,
					"uWidth": 250,
					"vHeight": 271,
					"textureLocation": "forestry:textures/gui/almanac/fam_layouts/3x5.png",
					"textureWidth": 250,
					"textureHeight": 271,
					"width": 82,
					"height": 89
			}
		],
		[
			{
				"text": "最大規模",
				"underlined": true
			},
			{
				"text": "\n"
			},
			{
				"text": "縦×横×高さ: 5×5×4"
			},
			{
				"text": "\n"
			},
			{
				"text": "半径: 11ブロック"
			},
			{
				"text": "\n"
			},
			{
				"text": "広さ (縦x横): 27×27"
			},
			{
				"text": "\n"
			},
			{
				"text": "ファームブロック: 100"
			},
					{
				"text": "\n"
			},
			{
				"text": "土壌の面積: 440"
			},
			{
					"type": "image",
					"center": true,
					"u": 0,
					"v": 0,
					"uWidth": 271,
					"vHeight": 271,
					"textureLocation": "forestry:textures/gui/almanac/fam_layouts/3x5.png",
					"textureWidth": 271,
					"textureHeight": 271,
					"width": 89,
					"height": 89
			}
		]
	]
}