{
	"title": "ファームの構成",
	"icon": {
		"item": "forestry:thermionic_tubes",
		"data": 4
	},
	"content": [
		[
			{
				"type": "index",
				"entries": [
					{
						"title": "植林ファーム",
						"page": 1
					},
					{
						"title": "泥炭土壌",
						"page": 1
					},
					{
						"title": "作物ファーム",
						"page": 2
					},
					{
						"title": "地獄ファーム",
						"page": 2
					},
					{
						"title": "キノコ",
						"page": 3
					},
					{
						"title": "果樹ファーム",
						"page": 3
					},
					{
						"title": "サボテンファーム",
						"page": 4
					},
					{
						"title": "サトウキビファーム",
						"page": 4
					},
					{
						"title": "ウリ科ファーム",
						"page": 5
					},
					{
						"title": "カカオ・プランテーション",
						"page": 5
					},
					{
						"title": "ゴム・プランテーション",
						"page": 6
					},
					{
						"title": "ﾚｯﾄﾞ･ｵｰｷｯﾄﾞファーム",
						"page": 6
					},
					{
						"title": "エンドファーム",
						"page": 7
					}
				]
			}
		],
		[
			{
				"text": "植林ファーム",
				"underlined": true
			},
			{	
				"text": "\n"
			},
			{
				"text": "基盤の部品: 金の真空管"
			},
			{	
				"text": "\n"
			},
			{
				"text": "土壌: 土, 腐葉土"
			},
			{	
				"text": "\n"
			},
			{
				"text": "水: 10 mB"
			},
			{	
				"text": "\n"
			},
			{
				"text": "肥料: 30 mU"
			},
			{	
				"text": "\n"
			},
			{
				"text": "種苗: 苗木"
			},
			{	
				"text": "\n"
			},
			{
				"text": "収穫物: 原木, 苗木, リンゴ"
			},
			
			{
				"text": "泥炭土壌",
				"underlined": true,
				"paragraph": true
			},
			{	
				"text": "\n"
			},
			{
				"text": "基盤の部品: 黒曜石の真空管"
			},
			{	
				"text": "\n"
			},
			{
				"text": "土壌: Bog Earth"
			},
			{	
				"text": "\n"
			},
			{
				"text": "水: 20 mB"
			},
			{	
				"text": "\n"
			},
			{
				"text": "肥料: 10 mU"
			},
			{	
				"text": "\n"
			},
			{
				"text": "種苗: なし"
			},
			{	
				"text": "\n"
			},
			{
				"text": "収穫物: 泥炭, 土"
			}
		],
		[
			{
				"text": "作物ファーム",
				"underlined": true
			},
			{	
				"text": "\n"
			},
			{
				"text": "基盤の部品: ブロンズの真空管"
			},
			{	
				"text": "\n"
			},
			{
				"text": "土壌: 土  水: 20 mB"
			},
			{	
				"text": "\n"
			},
			{
				"text": "肥料: 10 mU"
			},
			{	
				"text": "\n"
			},
			{
				"text": "種苗: 作物の種"
			},
			{	
				"text": "\n"
			},
			{
				"text": "収穫物: 作物全般"
			},
			{
				"text": "地獄ファーム",
				"underlined": true,
				"paragraph": true
			},
					{	
				"text": "\n"
			},
			{
				"text": "基盤の部品: ブレイズの真空管"
			},
			{	
				"text": "\n"
			},
			{
				"text": "土壌: ソウルサンド"
			},
			{	
				"text": "\n"
			},
			{
				"text": "水: なし"
			},
			{	
				"text": "\n"
			},
			{
				"text": "肥料: 20 mU"
			},
			{	
				"text": "\n"
			},
			{
				"text": "種苗: ネザーウォート"
			},
			{	
				"text": "\n"
			},
			{
				"text": "収穫物:ネザーウォート"
			}
		],
		[
			{
				"text": "キノコファーム",
				"underlined": true
			},
			{	
				"text": "\n"
			},
			{
				"text": "基盤の部品: ｱﾊﾟﾀｲﾄの真空管"
			},
			{	
				"text": "\n"
			},
			{
				"text": "土壌: 菌糸"
			},
			{	
				"text": "\n"
			},
			{
				"text": "水: 80 mB"
			},
			{	
				"text": "\n"
			},
			{
				"text": "肥料: 20 mU"
			},
			{	
				"text": "\n"
			},
			{
				"text": "種苗: キノコ"
			},
			{	
				"text": "\n"
			},
			{
				"text": "収穫物: 巨大なキノコ"
			},
			{
				"text": "果樹ファーム",
				"underlined": true,
				"paragraph": true
			},
			{	
				"text": "\n"
			},
			{
				"text": "基盤の部品: ｴﾒﾗﾙﾄﾞの真空管"
			},
			{	
				"text": "\n"
			},
			{
				"text": "土壌: 土"
			},
			{	
				"text": "\n"
			},
			{
				"text": "水: 40"
			},
			{	
				"text": "\n"
			},
			{
				"text": "肥料: 10 mU"
			},
			{	
				"text": "\n"
			},
			{
				"text": "種苗: 成長済みの木"
			},
			{	
				"text": "\n"
			},
			{
				"text": "収穫物: 果実類全て"
			}
		],
		[
			{
				"text": "サボテンファーム",
				"underlined": true
			},
			{	
				"text": "\n"
			},
			{
				"text": "基盤の部品: 銅の真空管"
			},
			{	
				"text": "\n"
			},
			{
				"text": "土壌: 砂"
			},
			{	
				"text": "\n"
			},
			{
				"text": "水: 1 mB"
			},
			{	
				"text": "\n"
			},
			{
				"text": "肥料: 10 mU"
			},
			{	
				"text": "\n"
			},
			{
				"text": "種苗: サボテン"
			},
			{	
				"text": "\n"
			},
			{
				"text": "収穫物: サボテン (高さ3)"
			},
			{
				"text": "サトウキビファーム",
				"underlined": true,
				"paragraph": true
			},
			{	
				"text": "\n"
			},
			{
				"text": "基盤の部品: 錫の真空管"
			},
			{	
				"text": "\n"
			},
			{
				"text": "土壌: 砂/土"
			},
			{	
				"text": "\n"
			},
			{
				"text": "水: 20"
			},
			{	
				"text": "\n"
			},
			{
				"text": "肥料: 10 mU"
			},
			{	
				"text": "\n"
			},
			{
				"text": "種苗: サトウキビ"
			},
			{	
				"text": "\n"
			},
			{
				"text": "収穫物: サトウキビ(高さ3)"
			}
		],
		[
			{
				"text": "ウリ科ファーム",
				"underlined": true
			},
			{	
				"text": "\n"
			},
			{
				"text": "基盤の部品: ﾗﾋﾟｽﾗｽﾞﾘの真空管"
			},
			{	
				"text": "\n"
			},
			{
				"text": "土壌: 土"
			},
			{	
				"text": "\n"
			},
			{
				"text": "水: 40 mB"
			},
			{	
				"text": "\n"
			},
			{
				"text": "肥料: 10 mU"
			},
			{	
				"text": "\n"
			},
			{
				"text": "種苗: カボチャ/スイカの種"
			},
			{	
				"text": "\n"
			},
			{
				"text": "収穫物: カボチャ, スイカ"
			},
			{
				"text": "カカオ・プランテーション",
				"underlined": true,
				"paragraph": true
			},
			{	
				"text": "\n"
			},
			{
				"text": "基盤の部品: ダイヤの真空管"
			},
			{	
				"text": "\n"
			},
			{
				"text": "土壌: ジャングルの原木"
			},
			{	
				"text": "\n"
			},
			{
				"text": "水: 20 mB"
			},
			{	
				"text": "\n"
			},
			{
				"text": "肥料: 120 mU"
			},
			{	
				"text": "\n"
			},
			{
				"text": "種苗: カカオ豆"
			},
			{	
				"text": "\n"
			},
			{
				"text": "収穫物: カカオの実"
			}
		],
		[
			{
				"text": "ゴム・プランテーション",
				"underlined": true
			},
			{	
				"text": "\n"
			},
			{
				"text": "基盤の部品: ゴムの真空管"
			},
			{	
				"text": "\n"
			},
			{
				"text": "土壌: 土"
			},
			{	
				"text": "\n"
			},
			{
				"text": "水: 5 mB"
			},
			{	
				"text": "\n"
			},
			{
				"text": "肥料: 10 mU"
			},
			{	
				"text": "\n"
			},
			{
				"text": "種苗: ゴムの木の苗木"
			},
			{	
				"text": "\n"
			},
			{
				"text": "収穫物: IC2樹脂"
			},
			{
				"text": "ﾚｯﾄﾞ･ｵｰｷｯﾄﾞファーム",
				"underlined": true,
				"paragraph": true
			},
			{	
				"text": "\n"
			},
			{
				"text": "基盤の部品: ランの真空管"
			},
			{	
				"text": "\n"
			},
			{
				"text": "土壌: レッドストーン鉱石"
			},
			{	
				"text": "\n"
			},
			{
				"text": "水: なし"
			},
			{	
				"text": "\n"
			},
			{
				"text": "肥料: 20 mU"
			},
			{	
				"text": "\n"
			},
			{
				"text": "種苗: ﾚｯﾄﾞ･ｵｰｷｯﾄﾞ"
			},
			{	
				"text": "\n"
			},
			{
				"text": "収穫物: レッドストーン"
			}
		],
		[
			{
				"text": "エンドファーム",
				"underlined": true
			},
			{	
				"text": "\n"
			},
			{
				"text": "基盤の部品: エンドの真空管"
			},
			{	
				"text": "\n"
			},
			{
				"text": "土壌: エンドストーン"
			},
			{	
				"text": "\n"
			},
			{
				"text": "水: なし"
			},
			{	
				"text": "\n"
			},
			{
				"text": "肥料: 20 mU"
			},
			{	
				"text": "\n"
			},
			{
				"text": "種苗: コーラスフラワーまたはエンダーリリィの種"
			},
			{	
				"text": "\n"
			},
			{
				"text": "収穫物: コーラスフルーツ/フラワー, エンダーパール"
			}
		]
	]
}