{
	"title": "マルチファーム",
	"icon": {
		"item": "paper"
	},
	"content": [
		[
			{
				"text": "マルチファームは専用のファームブロックと建材ブロック(石やレンガ)を使用して構築された、マルチブロックの構造体です。 common.cfgファイルにおけるI:sizeの値によって、ファームの大きさを変更することができます。 初期設定では2となっています。"
			},
			{
				"text": "(2x(中央構造の幅x<ｻｲｽﾞ値>)+中央構造の幅)",
				"paragraph": true
			},
			{
				"text": "例:(2x(3幅x2)+3幅)=15",
				"paragraph": true
			}
		],
		[
			{
				"text": "初期設定におけるﾌｧｰﾑの最少ｻｲｽﾞは15x15、最大ｻｲｽﾞは25x25です。",
				"paragraph": true
			},
			{
				"text": "構築には必ず、ファームに動力を供給する唯一の手段ファームギアボックスを組み込む必要があります。 その他、専用のﾌｧｰﾑﾌﾞﾛｯｸを組み込むことで機能の追加をが行えます。 ﾌｧｰﾑﾊﾞﾙﾌﾞﾌﾞﾛｯｸ, ﾌｧｰﾑﾊｯﾁﾌﾞﾛｯｸ, ﾌｧｰﾑ制御ﾌﾞﾛｯｸが用意されています。 詳細はファームストラクチャを参照してください。",
				"paragraph": true
			}
		]
	]
}