{
	"title": "蜂群巣箱の暖房機",
	"icon":{
		"item": "forestry:alveary.heater"
	},
	"content": [
		[
			{
				"type": "crafting",
				"locations": [
					"forestry:alveary_heater"
				]
			},
			{
				"text": "名前の通り、巣箱内を温めるための装置です。 構築した巣箱の下2段の内のブロックをこの設備に置き換えて使用します。"
			}
		],
		[
			{
				"paragraph": true,
				"text": "約5RF/tickを消費し、1台稼働させるごとに巣箱の温度を一段階高めます。"
			}
		]
	]
}