{
	"title": "蜂群巣箱の分蜂王台",
	"icon":{
		"item": "forestry:alveary.swarmer"
	},
	"content": [
		[
			{
				"type": "crafting",
				"locations": [
					"forestry:alveary_swarmer"
				]
			},
			{
				"text": "分蜂王台は特別な蜂群巣箱のブロックであり、中にあるロイヤルゼリーごとに、1%の確率で巣箱の近くに分蜂の巣が生み出されます。 この分蜂から見つかる新女王蜂は巣箱の女王蜂と同じ遺伝子を持ちますが、常にIgnobleの形質を有します。"
			}
		],
		[
			{
				"text": "構築した巣箱の下2段の内のブロックをこの王台に置き換えて使用します。 (外周部の16個まで) 組み込んだそれを右クリックして開き、使用するためのローヤルゼリーを入れて下さい。",
				"paragraph": true
			},
			{
				"text": "分蜂の条件が整うと、蜂群巣箱の周囲約25ブロックの場所に新しい蜂の巣が出現し、そこには新女王蜂が入っています。",
				"paragraph": true
			}
		]
	]
}