{
	"title": "群蜂巣箱の花粉濾し器",
	"icon":{
		"item": "forestry:alveary.sieve"
	},
	"content": [
		[
			{
				"type": "crafting",
				"locations": [
					"forestry:alveary_sieve"
				]
			},
			{
				"text": "近くの木から集められた花粉を回収することができ、またそれらは別の木へ受粉させるのに使用できます。 構築した巣箱の下2段の内のブロックをこの設備に置き換えて使用します。"
			}
		],
		[
			{
				"paragraph": true,
				"text": "左側のアイテムスロットには'ホーネットシルクの織布'を配置してください。"
			}
		]
	]
}