{
	"title": "蜂群巣箱の冷房機",
	"icon":{
		"item": "forestry:alveary.fan"
	},
	"content": [
		[
			{
				"type": "crafting",
				"locations": [
					"forestry:alveary_fan"
				]
			},
			{
				"text": "暖房機とは反対の効果を及ぼす装置であり巣箱の内部を涼しくします。 構築した巣箱の下2段の内のブロックを、この設備に置き換えて使用します。"
			}
		],
		[
			{
				"paragraph": true,
				"text": "約5RF/tickを消費し、1台稼働させるごとに巣箱の温度を一段階下げます。"
			}
		]
	]
}