{
	"title": "蜂群巣箱",
	"icon":{
		"item": "forestry:alveary.plain"
	},
	"content": [
		[
			{
				"type": "crafting",
				"locations": [
					"forestry:alveary_plain"
				]
			},
			{
				"text": "しばらくもすると、手元にある養蜂箱では蜂たちの性能を十分に引き出せていないことに気づきはじめるでしょう。"
			}
		],
		[
			{
				"text": "ここまで到達できたらアップグレードの時期です。 蜂群(ほうぐん)巣箱は養蜂箱の3倍の大きさであり、最大で養蜂箱の10倍のﾊﾁﾐﾂを生産しているのを私は目撃しました。"
			},
			{
				"type": "image",
				"u": 0,
				"v": 0,
				"uWidth": 300,
				"vHeight": 169,
				"textureLocation": "forestry:textures/gui/almanac/scraps/alveary.png",
				"textureWidth": 300,
				"textureHeight": 169,
				"width": 108,
				"height": 60
			},
			{
				"text": "この大規模な構想を築き上げるには、蜂群巣箱のブロックを27個ほど作成する必要があります。"
			}
		],
		[
			{
				"text": "ブロックが用意出来たら、これらを3x3x3の正方形に配置します。 またこれは上面にﾊｰﾌﾌﾞﾛｯｸ9つを屋根として載せる必要もあり、それには木材を使うのがおすすめです。 正しく構築できると外観が一体化し、上側に蜂が出入りする穴が開きます。 まだこれに木の巣板を挿入することには成功していませんが、使い方は養蜂箱と同じです。"
			}
		],
		[
			{
				"type": "structure",
				"structureFile": "structures/alveary.json"
			}
		],
		[
			{
				"text": "１つ１つがの素材が非常に高コストです。 香りつきの羽目板はあなたの養蜂場から遠く離れた場所に生息する蜂の蜜が必要であり、丈夫な筐体を作るためのオイルには大量の種子が要ります。"
			},
			{
				"type": "carpenter",
				"stack":{
					"item": "forestry:crafting_material",
					"data": 6
				}
			}
		],
		[
			{
				"paragraph": true,
				"text": "蜂群巣箱の作成には何日もかかる作業が要求されますが、それを行うだけの価値をもたらします。 羽目板で筐体をしっかりと囲むことで、蜂にとって堅固で安心できる家となり、羽目板の香りは養蜂箱では成しえなかったほどの活動環境を、蜂たちにもたらしてくれるでしょう。"
			}
		]
	],
	"subEntries": [ 
		"beekeeping/alveary.heater", 
		"beekeeping/alveary.fan", 
		"beekeeping/alveary.sieve",
		"beekeeping/alveary.stabiliser",
		"beekeeping/alveary.swarmer"
	]
}