{
	"title": "養蜂箱",
	"icon":{
		"item": "forestry:apiary"
	},
	"content": [
		[
			{
				"type": "crafting",
				"locations": [
					"forestry:apiary"
				]
			},
			{
				"text": "蜂巣箱同様、養蜂箱には蜂の家族を住まわせることができ、あなたの悩みを解消させる蜂の巣板を集めることができます。 この養蜂箱を手に入れるため、ｸﾘｰﾊﾟｰ,ﾗﾋﾟｽﾗｽﾞﾘ,無数のﾋﾂｼﾞたちを追うなど、"
			}
		],
		[
			{
				"paragraph": true,
				"text": "長く険しい試行錯誤の旅をしなければなりませんでした。 けれども幸運なことに、 それらのことについて先駆者たちが後世へ残した記録を発見することができました。 それから私はまず、種から絞るシードオイルの製造に手を付けました。"
			}
		],
		[
			{
				"text": "そして工作装置に8本の原木(どんな種類でも可)とオイルを配置し、蜂たちを保護する含浸された筐体を造り上げました。 この木製筐体をワールド上に固定するため、作業台の上で木材類と組み合わせ、蜂たちを住まわせられる家へ加工しました。 こうして出来あがった養蜂箱は、ワールド上のどんな場所にも配置できるようになっています。"
			}
		],
		[
			{
				"paragraph": true,
				"text": "...実は嘘をつきました。 私は仲良くなった養蜂家の村人と取引をして、養蜂箱を得ました。 前述のことは、あなたをまず、作成をするという方向に向かわせたいと思ったからです。 今あなたにまみえることができれば、私は笑顔になれます。"
			}	
		]
	]
}