{
	"title": "養蜂家の装い",
	"icon":{
		"item": "forestry:apiarist_chest"
	},
	"content": [
		[
			{
				"text": "厄介な熱帯種の蜂の毒にてこずっていませんか？"
			},
			{
				"text": "彼らの絹糸は、役に立たないと思っていませんか？",
				"paragraph": true
			},
			{
				"text": "ホーネットシルクから織られた生地で防護服を作成すれば、恐れるものは無くなります！ 蜂のスーツです！ 養蜂用の防護服は、蜂からの悪影響(密林種の毒など)を軽減、または無効化できます。 ",
				"paragraph": true
			}
		],
		[
			{
				"text": "身に着けた数が多いほど、蜂はあなたに手が出せなくなります。",
				"paragraph": true
			},
			{
				"type": "crafting",
				"locations": [
					"forestry:apiarist_hat",
					"forestry:apiarist_chest",
					"forestry:apiarist_legs",
					"forestry:apiarist_boots"
				]
			}
		]
	]
}