{
	"title": "養蜂用チェスト",
	"icon":{
		"item": "forestry:bee_chest"
	},
	"content": [
		[
			{
				"type": "crafting",
				"locations": [
					"forestry:bee_chest"
				]
			},
			{
				"text": "養蜂にいそしむ過程において何をどうするかの以前に蜂たちの数がおびただしい量に膨れ上がることが課題になります。同一の雄蜂がスタックとしてまとまるというのは稀であり、いつものチェストは蜂で埋め尽くされるでしょう。"
			}
		],
		[
			{
				"paragraph": true,
				"text": "ありがたいことに、先人は虫たちであふれる状況に対応するための、完璧なテクノロジーを生み出していました。"
			},
			{
				"paragraph": true,
				"text": "養蜂用チェストは最大125体の蜂を収納できる保管設備であり、25スロット,5ページにまたがり、発見した種、集めた女王蜂、交配した種、そして雄蜂をまとめた全体集計の表示を行います。"
			}
		]
	]
}