{
	"title": "最初の突然変異",
	"icon":{
		"item": "forestry:bee_queen_ge",
		"nbt": "{Genome:{Chromosomes:[{UID1:\"forestry.speciesCommon\",UID0:\"forestry.speciesCommon\",Slot:0b}]}}"
	},
	"content": [
		[
			{
				"text": "異なる種の間から生まれた蜂の子孫は、両親から受け継ぎ、混ざり合った遺伝子を持つことになり、それはあなたがまだ発見していない新種であるかもしれません。 これらのいわゆる'突然変異'を原生している数少ない蜂の種同士にもたらすことで、たくさんの不思議で奇妙な品種が発見され、私は蜂の種の可能性が世界に開かれるのを明かにしました。"
			}
		],
		[
			{
				"text": "このガイドの後半では私が見出した多くの品種と、それらの取得方法のヒントを解説します。 とはいうものの、新の養蜂家が自身の秘伝を打ち明けることはありません。 これら他の普遍種の蜂同士から、コモン-平蜂種、カルチベイト-養産種が発見されました。 これらの蜂は養蜂における主要な品種であり、平蜂種は養蜂家初心者の参入証と見なされています。",
				"paragraph": true
			}
		],
		[
			{
				"text": "平蜂種は珍しい種ではありませんが、その子孫である養産種の蜂は活発に働き、短時間で多くの蜂蜜を作り出します。 またそのさらに先には、生産力以外の*なにか*が潜んでいると考えられており、凡俗の蜂と呼ばれるには程遠いものでした。"
			},
			{
				"type": "mutation",
				"species": "forestry.speciesCommon"
			}
		]
	]
}