{
	"title": "蜂の遺伝子形質",
	"icon":{
		"item": "forestry:bee_larvae_ge",
		"nbt": "{Genome:{Chromosomes:[{UID1:\"forestry.speciesDiligent\",UID0:\"forestry.speciesDiligent\",Slot:0b}]}}"
	},
	"content": [
		[
			{
				"type": "index",
				"entries": [
					{
						"title": "品種",
						"page": 1
					},
					{
						"title": "生産速度",
						"page": 1
					},
					{
						"title": "活動期間",
						"page": 1
					},
					{
						"title": "繁殖性",
						"page": 2
					},
					{
						"title": "許容できる気温と湿度",
						"page": 2
					},
					{
						"title": "活動時刻",
						"page": 3
					},
					{
						"title": "雨への適応",
						"page": 3
					},
					{
						"title": "穴居性",
						"page": 3
					},
					{
						"title": "花",
						"page": 4
					},
					{
						"title": "送粉性",
						"page": 4
					},
					{
						"title": "活動圏",
						"page": 5
					},
					{
						"title": "領域効果",
						"page": 5
					}
				]
			}
		],
		[
			{
				"text": "品種",
				"underlined": true
			},
			{
				"text": "\n"
			},
			{
				"text": "それぞれの蜂の品種によって、女王蜂から得られる生産物、夜行性や好む気候などの形質の違いがあらわれます。"
			},
			{
				"text": "速度",
				"underlined": true,
				"paragraph": true
			},
			{
				"text": "\n"
			},
			{
				"text": "女王が活動している間、どれだけの生産物を生み出してくれるかを表す形質です。"
			},
			{
				"text": "活動期間",
				"paragraph": true,
				"underlined": true
			},
			{
				"text": "\n"
			},
			{
				"text": "蜂が息絶えてしまうまでの寿命を指す形質です。"
			}
		],
		[
			{
				"text": "長命であれば生産に適し、短命のものは繁殖に適しています。"
			},
			{
				"text": "繁殖性",
				"paragraph": true,
				"underlined": true
			},
			{
				"text": "\n"
			},
			{
				"text": "蜂の余命が尽きた後、雄蜂がどれだけ産まれるかを表わす形質です。"
			},
			{
				"text": "許容できる気温と湿度",
				"underlined": true,
				"paragraph": true
			},
			{
				"text": "\n"
			},
			{
				"text": "蜂たちは、記載されている気温/湿度に合った場所で活動を行います。 片方、または両方の値の振れ幅は、0~3の前後となっています。"
			}
		],
		[
			{
				"text": "活動時刻",
				"underlined": true
			},
			{
				"text": "\n"
			},
			{
				"text": "ワールド内の時間帯における、夜間と昼間のどちらで活動しているかを表わす形質です。"
			},
			{
				"text": "雨への適応",
				"underlined": true,
				"paragraph": true
			},
			{
				"text": "\n"
			},
			{
				"text": "天気が雨の場合でも蜂が活動できるかどうかを表わす形質です。"
			},
			{
				"text": "穴居性",
				"paragraph": true,
				"underlined": true
			},
			{
				"text": "\n"
			},
			{
				"text": "上方向に空が開けていなくても活動できるかどうかを表わす形質です。 (穴居:ｹﾂｷｮ)"
			}
		],
		[
			{
				"text": "花",
				"underlined": true
			},
			{
				"text": "\n"
			},
			{
				"text": "その蜂が活動するのにどんな花を必要とするかを表わす形質です。"
			},
			{
				"text": "送粉性",
				"underlined": true,
				"paragraph": true
			},
			{
				"text": "\n"
			},
			{
				"text": "高い送粉性の形質を持った蜂は、巣箱の周りに素早く花を咲かせ、樹木を受粉させる頻度が高くなります。"
			}
		],
		[
			{
				"text": "活動圏",
				"underlined": true
			},
			{
				"text": "\n"
			},
			{
				"text": "蜂が花や樹木の受粉を行う範囲と、蜂による領域効果が及ぼされる範囲を表わす形質です。"
			},
			{
				"text": "領域効果",
				"paragraph": true,
				"underlined": true
			},
			{
				"text": "\n"
			},
			{
				"text": "一部の種の蜂は周辺のエンティティに毒をもたらしたり、作物の成長を促進させるといった特殊な効果をもたらします。"
			}
		]
	]
}