{
	"title": "蜂の巣箱",
	"icon":{
		"item": "forestry:bee_house"
	},
	"content": [
		[
			{
				"type": "crafting",
				"locations": [
					"forestry:bee_house"
				]
			},
			{
				"text": "新しく見つけた蜂を蜜溢れる蜂ファミリーに転身させるには、蜂の巣箱や養蜂箱が必要です。 小さな昆虫の一家をこれらの木箱に住まわせることができ、あなたの不満を解決させる巣蜜を集めてきてくれるようになります。"
			}
		],
		[
			{
				"paragraph": true,
				"text": "蜂巣箱は私の発見の最初の１つであり、この小さな蜂の家を見出したのは偶然からでした。木材とﾊｰﾌﾌﾞﾛｯｸで作った箱の中に蜂の巣板を入れっぱなしのまま、外に忘れて放置していたことがあり、しばらく後になって見てみると箱の中は蜂でいっぱいで、完全に蜂の家になっていました。 それから同じような箱を再現して巣板を仕込み、これをそのまま'蜂の巣箱'と名付けました。"
			}
		]
	]
}