{
	"title": "蜂とは",
	"icon":{
		"item": "forestry:bee_combs"
	},
	"content": [
		[
			{
				"text": "蜂は刺します。黄色と黒の模様を持ちます。羽音を響かせます。 以上のことは既にご存知であったかもしれませんが、敵を知ることが養蜂の初手です。(実際には養蜂組合についてお伝えしなければなりません) 巣を作る小さな黄色い蜜蜂たちは、我々の超多角形世界のあちこちにも存在しています。私がこの世界で発見した5つの固有の巣、加えて、あえてまだ語らない別のものもあります。"
			}
		],
		[
			{
				"text": "働き蜂たちがきらめく夜間は、蜂の巣を探すのにもっとも良い時間帯です。(mobも導かれてくるという事実の発見のために、私自身が捧げられました)養蜂場と巣箱(後述)の外において、蜂たちはおとなしく、消えることは無いようです。 "
			},
			{
				"text": "私がまず認識したことは、蜂社会の中が3つのカーストに分けられていることでした。巣箱の中で見つかった王妃蜂と雄蜂。王妃の蜂は、その他の蜂よりも堂々とした外観によって区別ができました。",
				"paragraph": true
			}
		],
		[
			{
				"text": "しかして、この2匹をどこか特別な場所で一緒に置くと、王妃は女王へ変身します。 女王蜂は、彼女の寿命が尽きるまでに蜜の詰まった巣板を作らせ、新しい王妃と複数の雄蜂たちを産んでその命を閉じます。 これは、あなたの蜂の個体が急激に増加することを意味しています。 つまり、収納を沢山用意しましょう。"
			}
		]
	]
}