{
	"title": "普遍的な種の蜂",
	"icon": {
		"item": "forestry:beehives"
	},
	"content": [
		[
			{
				"text": "私の偉業によって明らかになった、6つの天然種が存在します: ・フォレスト-森林種, ・メドウス-平原種, ・モデスト-清貧種, ・トロピカル-熱帯種, ・ウィントリー-雪原種, ・マーシィ-沼地種 "
			},
			{
				"text": "私がこれらを普遍種の蜂(ﾏﾝﾃﾞｲﾝ･ﾋﾞｰ)と呼んでいるのは特異ではないという理由に加え、部分的に地形(ﾃﾗｰｲﾝ)と頭脳(ﾌﾞﾚｲﾝ)の韻を踏んだクールな言葉だからです。",
				"paragraph": true
			}
		],
		[
			{
				"text": "平原種の蜂は広くおおらかな草原地域に生息し、温暖な気候を好みます。 関連して、森林種の蜂は森の中で最も一般的な種の１つです。 どちらの蜂も大人しく、私を刺してくることもありません。",
				"paragraph": true
			},
			{
				"text": "そしてこれらの種以外の蜂は、全て突然変異によって生まれているのです。",
				"paragraph": true
			}
		]
	]
}