{
	"title": "巣枠",
	"icon":{
		"item": "forestry:frame_untreated"
	},
	"content": [
		[
			{
				"type": "crafting",
				"locations": [
					"forestry:frame_untreated", 
					"forestry:frame_impregnated"
				]
			},
			{
				"text": "巣枠を使うことで、養蜂箱の女王蜂の生産力を高めることができます。 高品質の巣枠は、低質の巣枠よりも高い効果をもたらします。"
			}
		],
		[
			{
				"paragraph": true,
				"text": "私自身においては、巣枠を蜂の巣や蜂巣箱に入れることには成功していません。 現時点では3つの巣枠が発見されています: ・養蜂箱の巣枠 ・含浸処理した巣枠 ・秘伝の巣枠"
			},
			{
				"paragraph": true,
				"text": "(含浸:ｶﾞﾝｼﾝ、液体などに浸すこと)"
			}
		]
	]
}
