{
	"title": "前書き：養蜂",
	"icon":{
		"item": "book"
	},
	"content": [
		[
			{
				"text": "なぜ蜂などを気に掛けるのか。人々は私に対し、そんな疑問を投げかけてきました。 焼かれ、毒に侵され、何度も彼らに爆破された私であり、一度は自宅を穴だらけにされたこともありました。 "
			},
			{
				"paragraph": true,
				"text": "今しがたは全身を刺されてコブだらけになったところですが、私は自身の想像を越えるような贈り物を蜂たちから受け取っています。"
			}
		],
		[
			{
				"paragraph": true,
				"text": "彼らが与えてくれた蜂蜜は冷酷なクリーパーに包囲されていた夜を過ごす私を養い、シルクは頑丈なバックパックをもたらしてくれました。"
			},
			{
				"paragraph": true,
				"text": "このような困難を乗り越えようとするあなたのためにこの文章を送ります。 そうでないのならば踵を返し、平穏のうちに留まるのが幸いでしょう..."
			}
		]
	]
}