{
	"title": "スクープ",
	"icon":{
		"item": "forestry:scoop"
	},
	"content": [
		[
			{
				"type": "crafting",
				"locations": [
					"forestry:scoop"
				]
			},
			{
				"text": "蜂を捕獲するには、私の発明の中でも最も素晴らしい一品'スクープ'を使用してください。 別名の“蜂捕獲具”や“ﾈｯﾄｰｵﾝｰｱ-ｽﾃｨｯｸ”では、なぜか捕まえることができませんでした。"
			}
		],
		[
			{
				"paragraph": true,
				"text": "どういう原理か、これを使って蜂の巣を叩くと大きくてカラフルな蜂が入手できます。 スクープの作成には糸と棒を使いますが、糸でネットを編むやり方については各自にお任せします。"
			}
		]
	]
}