{
	"title": "蜂用の燻煙器",
	"icon":{
		"item": "forestry:smoker"
	},
	"content": [
		[
			{
				"type": "crafting",
				"locations": [
					"forestry:smoker"
				]
			},
			{
				"text": "蜂たちは巣に近づきすぎたあなたをチクッとさせるでしょうが、体力の自然回復が補ってくれます。 蜂たちは巣が脅かされると攻撃的になり、あらかじめ煙を吹いていなければ、本当にひどいことになるかもしれません。"
			}
		]
	]
}