{
  "size": [3, 3, 3],
  "structure": [
    {
      "pos": [1, 1, 2],
      "endPos": [1, 1, 2],
      "block": "tcomplement:alloy_tank"
    },
    {
      "pos": [0, 1, 2],
      "endPos": [0, 1, 2],
      "block": "tconstruct:seared_tank",
      "state": {
        "type": "gauge"
      }
    },
    {
      "pos": [2, 1, 2],
      "endPos": [2, 1, 2],
      "block": "tconstruct:seared_tank",
      "state": {
        "type": "gauge"
      }
    },
    {
      "pos": [1, 0, 2],
      "endPos": [1, 0, 2],
      "block": "tcomplement:melter",
      "state": {
        "facing": "south",
        "active": "true",
        "type": "heater"
      }
    },
    {
      "pos": [1, 1, 0],
      "endPos": [1, 1, 0],
      "block": "tcomplement:alloy_tank"
    },
    {
      "pos": [0, 1, 0],
      "endPos": [0, 1, 0],
      "block": "tconstruct:seared_tank",
      "state": {
        "type": "gauge"
      }
    },
    {
      "pos": [2, 1, 0],
      "endPos": [2, 1, 0],
      "block": "tconstruct:seared_tank",
      "state": {
        "type": "gauge"
      }
    },
    {
      "pos": [1, 2, 0],
      "endPos": [1, 2, 0],
      "block": "tconstruct:seared_tank",
      "state": {
        "type": "gauge"
      }
    },
    {
      "pos": [1, 0, 0],
      "endPos": [1, 0, 0],
      "block": "tconstruct:seared_tank",
      "state": {
        "type": "tank"
      }
    }
  ]
}