{
  "size": [3, 4, 3],
  "structure": [
    {
      "pos": [1, 1, 2],
      "endPos": [1, 1, 2],
      "block": "tcomplement:high_oven_controller",
      "state": {
        "facing": "south",
        "active": "true"
      }
    },
    {
      "_name": "floor",
      "pos": [0, 0, 0],
      "endPos": [2, 0, 2],
      "block": "tcomplement:scorched_block",
      "meta": 3
    },
    {
      "_name": "ceiling",
      "pos": [0, 3, 0],
      "endPos": [2, 3, 2],
      "block": "tcomplement:scorched_block",
      "meta": 3
    },
    {
      "_name": "back wall",
      "pos": [0, 1, 0],
      "endPos": [0, 2, 1],
      "block": "tcomplement:scorched_block",
      "meta": 3
    },
    {
      "_name": "back wall",
      "pos": [1, 1, 0],
      "endPos": [1, 2, 0],
      "block": "tcomplement:scorched_block",
      "meta": 3
    },
    {
      "_name": "back wall",
      "pos": [2, 1, 0],
      "endPos": [2, 2, 1],
      "block": "tcomplement:scorched_block",
      "meta": 3
    },
    {
      "_name": "front wall",
      "pos": [0, 2, 2],
      "endPos": [2, 2, 2],
      "block": "tcomplement:scorched_block",
      "meta": 3
    },
    {
      "pos": [0, 1, 2],
      "endPos": [0, 1, 2],
      "block": "tcomplement:high_oven_io",
      "state": {
        "facing": "south",
        "type": "drain"
      }
    },
    {
      "pos": [2, 1, 2],
      "endPos": [2, 1, 2],
      "block": "tcomplement:high_oven_io",
      "state": {
        "facing": "south",
        "type": "chute"
      }
    }
  ]
}