{
  "size": [3, 2, 1],
  "structure": [
    {
      "pos": [0, 1, 0],
      "endPos": [0, 1, 0],
      "block": "tcomplement:melter",
      "state": {
        "facing": "south",
        "active": "true",
        "type": "melter"
      }
    },
    {
      "pos": [0, 0, 0],
      "endPos": [0, 0, 0],
      "block": "tcomplement:melter",
      "state": {
        "facing": "south",
        "active": "true",
        "type": "heater"
      }
    },
    {
      "pos": [2, 1, 0],
      "endPos": [2, 1, 0],
      "block": "tcomplement:melter",
      "state": {
        "facing": "south",
        "active": "true",
        "type": "melter"
      }
    },
    {
      "pos": [2, 0, 0],
      "endPos": [2, 0, 0],
      "block": "tconstruct:seared_tank"
    }
  ]
}