{
    "type": "manual_content",
    "lang": "ja_JP",
    "category": "factions",
    "content": [
        {
            "content_type": "heading",
            "text": "国と部族",
            "level": 1
        },
        {
            "content_type": "heading",
            "text": "プレイヤーチームと派閥の関係",
            "level": 2
        },
        {
            "content_type": "text",
            "text": "全ての機械、産業倉庫、およびNPCは、配置を行ったプレイヤーに属しています。デフォルトにおいては、他のプレイヤーがそれにアクセスすることはできません。 貴方が所有するブロックやNPCに、ご友人などがアクセスできるようにするには、それらをチームに追加する必要があります。 彼らと自分を同じチームにするには、バニラのスコアボードコマンドを使用します。 基本的に必要なコマンドは、“/scoreboard teams add YOUR_TEAM_NAME” と “/scoreboard teams join YOUR_TEAM_NAME” です。 チームを登録するコマンドを実行するのは一度だけで、その後、あなたと他の人は、2番目のjoinコマンドを使用してチームへ参加します。 Minecraft Wikiでスコアボードコマンドの使い方を調べると、より高度なチームオプションが見つかるでしょう。 FTBUtils MODのチーム機能を使用しても、チームに参加することができます。 \n国や、部族へ参加する方法はありません。これは意図された仕組みです。 ワールドにある派閥は、あなたのワールド上に独立して存在する勢力であり、あなた方が参加したり、内部から引き継いだりできるものではありません。"
        },
        {
            "content_type": "heading",
            "text": "国家",
            "level": 2
        },
        {
            "content_type": "text",
            "text": "\"文明派閥\"は、ｵｰﾊﾞｰﾜｰﾙﾄﾞ上に囲いの無い集落や城壁を備えた都市として生成され、これらは国家として分類されています。彼らは自衛手段として、攻城兵器なども使用します。\n\nノッグ - (ｴﾒﾗﾙﾄﾞｸﾞﾘｰﾝ)\n帝国 - (紫色)\n魔封じの一族 - (白色)\nゾルテク - (橙色)\nノルスカー - (明るい青)\nサルコニド - (赤色)"
        },
        {
            "content_type": "heading",
            "text": "部族",
            "level": 2
        },
        {
            "content_type": "text",
            "text": "\"部族派閥\"は、防壁のある街や都市などを持たず、大半は小さな集落で生活を営んでいます。通常は、大型の兵器などを持ちません。\n\nジンバ - (黄色)\nコング - (濃い緑色)\nバッファローカ - (緑色)\n海賊 - (黄土色)\n山賊 - (茶色)\nオーク - (濃い灰色)\n悪魔 - (スカーレット)\n不死族 - (明るい灰色)\n魔族 - (黒)\n守護同盟 - (明るい緑色)"
        },
        {
            "content_type": "text",
            "text": "\n\n\n "
        },
        {
            "content_type": "heading",
            "text": "ノルスカー",
            "level": 2
        },
        {
            "content_type": "text",
            "text": "旗の色：空色\n楔のように強靭な\"北方ノルスカー\"の戦士たちは、厳しい北の雪原地域に住んでいます。\n彼らは厳重な守りを築き上げており、居住地は櫓(やぐら)や砦を備え、そして街は、頑丈な丸太で囲まれています。\n北方の民の貴族はジャール(Jarl)と呼ばれており、ジャールホールには、各地を巡る略奪の果てに蓄えられてきた、財宝の山であふれています。ジャールが従える狂戦士達は凄まじい戦闘力をほこり、戦いの最中では、普通の人間を5回以上倒してしまう量のダメージに耐えます。ノルスカーは戦うために生き、戦うことが人生の目的であり、ヴァルハラで主神オーディンの前に立つために、猛勇の果ての死を目指します。\n北方の地には、古き神々、オーディン、トール、フレイヤの神殿があります。旅人がそこに入ろうとすれば、苛烈な妨害を受けるでしょう。けれども神々の神殿の強大な財宝は、戦士の試練を乗り越える強者を待ち望んでいます。\nノルスカーのルーン使いは恐るべき力を持った司祭であり、戦乙女(ヴァルキリー)を召喚して、侵入者を迎え撃ちます。\n海上に現れる、強大で恐ろしいドラゴン船(ﾛﾝｸﾞｼｯﾌﾟ)。そこでは、北方の民の強襲戦士に遭遇するかもしれません。ノルスカーの強襲部隊は、各地の川や海岸の近くで見つかることがあります。これを読む間にも、彼らはあなたのささやかな拠点を略奪する旅の途上にいるのかもしれません。\nノルスカーは、オーク、帝国、魔封じの陣営と対立しており、ほとんどの人々と敵対しています。\n北方の民の交易商は、北部地方の材木、毛皮、革、琥珀や武器を扱っています。"
        },
        {
            "content_type": "heading",
            "text": "バッファローカ",
            "level": 2
        },
        {
            "content_type": "text",
            "text": "旗の色：緑色\n平野や草原、セコイアとメープルの森では、誇り高き大地人、\"バッファローカ\"の流浪の一族の集落が見つかるかもしれません。気高く強靭な馬上戦士。彼らはバッファローやビーバーを狩り、トウモロコシと米の栽培を行っています。バッファローカの野営地は、ウィグウォームやロッジなどの小屋で構成されています。防壁などはありませんが、それぞれの野営地はお互いを補助、連携し合っており、援軍が直ちに駆けつけるなどして、多数の戦士達によって固く守られています。\nバッファローカの長達は強い心を持ち、その戦士達を打ち倒すのは簡単ではありません。そして、バッファローカのシャーマンは癒しの能力を持ち、村を守護するトーテムの精霊を召喚することがあります。\nバッファローカの取り引き人は、道具や武器と引き換えに、毛皮や革、ウシ肉などを提供してくれます。"
        },
        {
            "content_type": "heading",
            "text": "ゾルテク",
            "level": 2
        },
        {
            "content_type": "text",
            "text": "旗の色：橙色\n乾燥したメサの大地で興った\"ゾルテク\"の民は、巨大なジグラット(神殿)を築き、自らの血とともに、崇拝する大いなる暗黒の神々、ネザーの魔神のために捧げています。\nゾルテクの集落はメサの高地に敷かれており、高度な灌漑設備によって作物を育てています。彼らは熟練の鉱山労働者でもあり、集落には、金属や鉱物を掘るための坑道やトンネルが張り巡らされています。\nゾルテクは、軍によって統治された社会です。多くのたくさんの戦士達が、階級に応じてさまざまな任務に就いており、その中には、凶暴で老練な、ジャガーの戦士や大鷲の戦士がいます。ゾルテクの武器には黒曜石が使われており、大きなダメージを与えてくるでしょう。\n彼ら閉鎖的であり、メサの荒れた高原の外で出会うことはありません。\nゾルテクの司祭、死の司は、この山谷(さんこく)の民の社会における真の支配者であり、非常に恐れられています。力のある、上位に属する人物たちは、侵入者を攻撃するためにネザーから悪魔を召喚し、その寺院の中には、それら魔の神々へ捧げられる財宝が蓄えられています。旅人や冒険者に対しては、多数の罠や仕掛け、守護者が待ち構えている場所であり、注意が必要でしょう。ゾルテクは、闇の神々のために旅行者を犠牲にする習慣があります。そのため彼らは、他の派閥に恐れられ、それによって周囲全てと戦争状態にあります。\nゾルテクの交易人は、宝石、黒曜石、色とりどりの染料、そして農作物を扱っています。"
        },
        {
            "content_type": "heading",
            "text": "コング",
            "level": 2
        },
        {
            "content_type": "text",
            "text": "旗の色：濃い緑色\n熱狂的な太鼓の打音を、密林の奥から轟かせる沼地の部族、\"コング\"達は、旅行者の侵入に警告を突きつけます。彼らの歯は鋭く、冒険者などを捕らえて、次の昼食時にグアバ豆と美酒を添えて平らげてしまう、人食いの部族です。\n彼らは、ジャングルの木々に囲まれた樹上の家屋に住み、その下に忍ばせた落とし穴に、旅行者などが引っ掛かるのを見物しているかもしれません。\n判明していることの少ない沼地の部族ですが、ある巨大な猿の神をあがめているようです。満月の日には、その神のために乙女を捧げものにすると言われています。\n部族の者は原始的な戦士であり、遠距離から戦うためには弓矢や槍を頼りにしています。けれども用心が必要です。彼らは矢に毒を仕込んできます。\n部族の呪術師は、彼らの集落を守るために巨大な猿人を召喚すると言われています。また、その中で最も力のある者は、彼ら自身の神の化身、猿人の王を召喚することさえしてくるかもしれません！\n湿地の取り引き人は、ジャングルの木材、カカオ、革を扱っており、対価としてさまざまな種類の腐敗した肉を好んでいます。"
        },
        {
            "content_type": "heading",
            "text": "ジンバ",
            "level": 2
        },
        {
            "content_type": "text",
            "text": "旗の色：黄色\n広大なサバンナに息づく、ゾウ、バッファロー、シマウマの群れの中に、勇壮なる原野の部族、\"ジンバ\"の村を見つけることができます。農耕に親しみ、平和を尊ぶことで知られる彼らですが、豪胆、かつ卓越した数多の戦士を抱えています。その中でもヒョウの戦士は、対峙した経験のある者達から大いに恐れられています。\n原野の部族の村と、巡回する彼らの戦士には、サバンナやその高原で出会えるかもしれません。彼らの騎馬斥候隊は素早く、かつ遠くから正確な射撃を行ってきます。自身の土地に侵入する者を監視しており、攻撃をしてくることも、友好的なこともあります。\n原野の呪医師(ｳｨｯﾁﾄﾞｸﾀｰ)は癒しの力を持っており、また、侵入者に向けてライオンを召喚し、戦士達を援護します。\n部族の交渉役は、小麦、動物の肉を専門に扱っており、対価としては、皮革や金属を好みます。"
        },
        {
            "content_type": "heading",
            "text": "帝国",
            "level": 2
        },
        {
            "content_type": "text",
            "text": "旗の色：紫\n「\"帝国(エンパイア)は永遠である\"」統治者はそう宣言し、世界全ての者がそうあるべきと信じています。帝国は、世界で最も支配的権力を有し、皇帝と彼らの臣下の土地として、平原やシラカバの森などの荘園に、入植地、街、都市、城郭などを築いています。帝国支配下の土地は人口が多く、農場、製粉所、鍛冶工房、商家、そして教会などがたくさんあります。\n守護を司る帝国軍を構成しているのは、選りすぐりの戦士を集めた帝国兵団、そして重甲冑と馬上槍(ﾗﾝｽ)を操る、無敵と称される帝国騎士たちです。そうした彼らを、忠実なハルバード部隊、ロングボウ部隊、そして馬の扱いに長けた国境警備兵らが援護します。\n彼らは前哨基地、帝国の城、警備塔を置いて土地を守り、無尽蔵と思えるほどの兵士を動員してきます。\n帝国は、\"魔封じの一族\"と同盟を結んでおり、\"守護同盟\"と\"ノッグ王国\"とは中立関係にあります。それ以外の陣営とは常に戦争状態にあり、それらを征服し、彼らを傅かせることを大命としています。\n帝国の商業者は、幅広い商品と素材を扱っています。ただし彼らが受けとるのは、他の素材と帝国の通貨のみです。"
        },
        {
            "content_type": "heading",
            "text": "ノッグ",
            "level": 2
        },
        {
            "content_type": "text",
            "text": "旗の色：エメラルドグリーン\n\"ノッグ王国\"の領土は広範囲にわたっており、旅人が出会う中でも、友好的で親切な人々です。王国は農耕と鉱産業の民族であり、誇り高い木こりの伝統を持っています。彼らの居住地の多くは、十分に整備された集落や商業街です。\n王国が備える戦士は平均的なもので、槍兵、剣士、弓兵の役の多くを、民兵が担っています。ノーギンス(Noggins)と呼ばれる王国貴族は修練を重ねた騎士たちであり、王国親衛隊は弓の名手です。\n穏和で朗らかな王国の司祭たちは、優れた癒しの力を持つことで名が知られています。\n王国の商人は、交易品として幅広い商品を揃えていますが、見返りに奇妙なものを求めることがよくあります。"
        },
        {
            "content_type": "heading",
            "text": "魔封じの一族",
            "level": 2
        },
        {
            "content_type": "text",
            "text": "旗の色：白\n\"神聖教会\"は帝国の国教でありながら、独立してた同盟派閥としても成り立っています。正義に反するもの、不死者、そして人間以外の全ての存在の撲滅を掲げ、さらには異教の寺院や礼拝堂の破壊を推進しています。\"ウィッチベイン・魔封じの一族\"は、ある意味で帝国支配拡張のための好戦的な尖兵、健全化機関です。彼らの拠点の多くは要塞や城であり、常駐する守備兵団によって、別勢力への対応に備えています。\n魔封じの一族は、異教徒の部族や国家を征服し、改宗させることを目的とした、帝国教会の軍事部門です。彼らは重武装、能率的な戦士団であり、屈服させるのは容易ではありません。\n一族の聖職者は、強力な回復術を操り、戦闘で倒れた一族の者を復活させることができます。上位に属する者は天界の戦士を召喚し、戦士らの援護を行うことがあります。\n魔封じの一族の交易人は、本、紙、羽根、インク等を扱っています。彼らは対価として、帝国の貨幣と特定の素材を求めてきます。"
        },
        {
            "content_type": "heading",
            "text": "サルコニド",
            "level": 2
        },
        {
            "content_type": "text",
            "text": "旗の色：赤色\n茫漠たる砂漠を行く途中で、\"砂漠の王朝・サルコニド\"の砂上要塞に巡り合うかもしれません。熱砂の中に生きる戦士達は、忠誠を胸に、陽光の降り注ぐこの土地を守護しています。サルコニドの民族たちは、点在する村、前哨塔、砦や城壁のある街で見ることができます。\n砂漠の王朝は、融和的で平和に暮らすことを重んじている国ですが、攻撃を受けたときには断固として自身らを守ろうとします。\n軍を率いるイミール(軍指揮官)達は、妙技に優れた怜悧な戦士であり、その素早さを前にしては抗うのは、並大抵のことではありません。\n王朝の聖職者は、戦闘中に倒れた戦士を復活させることができ、彼らを支援するために砂漠の精霊(ジン)を召喚します。彼らの商売人達は、取引の品として幅広い種類のアイテムを扱っています。サルコニド達のバザー(市場)は、交易において伝説的な場所とされています。"
        },
        {
            "content_type": "heading",
            "text": "海賊",
            "level": 2
        },
        {
            "content_type": "text",
            "text": "旗の色：黄土色\n帝国が領土拡張を宣言し、世界中で軍による植民地建設が始まった頃、開拓者たちを輸送するために数多の強大な艦艇が建造されました。しかしながら、帝国船船長の過酷で抑圧的な管理下では、乗組員達による反抗が度々発生し、そうした経緯の帰結として\"海賊同胞団\"が誕生しました。\n海賊たちには、洋上の船舶や沿岸地帯、あるいは拠点としている島などで遭遇することがあります。囚人を捕るようなことは彼らの眼中に無く、望むままに略奪と騒乱を巻き起こし、冷たくなったあなたの死体の上でラム酒を飲みながら歌い踊ります。\n海賊の頭目は、手にかけた者達から奪った魔法の武器や防具を所持しており、また強大無比な戦士でもあると言われています。\n何よりも危険なのは、海賊らはずいぶん前から火薬の技術を身につけており、彼らの船や拠点には大砲が据え付けられています。\n海賊に付き従うブゥードゥーの呪い師は、癒しの力で彼らの戦闘員を回復させ、時には海賊の同志を不死者として召喚し、戦闘に加勢させます。海賊の商人は、自分たちの船を修理するために木材のような平凡なアイテムを求めてきます。その対価としては、略奪によって得た戦利品や貴金属などを扱っています。火薬の交換に関してならば、商人はいつでも応じるでしょう。"
        },
        {
            "content_type": "heading",
            "text": "山賊",
            "level": 2
        },
        {
            "content_type": "text",
            "text": "旗の色：茶色\n不用心な旅行者などを狙う輩、窃盗や強盗、殺人を働く者達は、あらゆる地域に出没します。\n悪名を響かせる、\"山賊旅団\"です。彼らは自身以外の部族や国家に追われ、討伐されているため、人気の無い孤立した場所に拠点を構える傾向があります。そのようにして、山賊達はいたるところに蔓延っています。\n山賊らは野営地、崩れた砦、洞窟、放棄された村や、古い墓地で見ることができます。\n決して優秀な戦士ではないものの、山賊たちは、大抵の場合複数人で現れます。\n旅団には異端の僧侶が参加していることがあり、彼らは信者らを回復させたりする一方、敵に向けて毒入りの瓶を投げつけてきます。\n山賊の交易人は非常に貪欲であり、黄金こそが望む全てです。金と引き換えに、旅行者から奪った盗品やアイテムを売り渡します。"
        },
        {
            "content_type": "heading",
            "text": "オーク",
            "level": 2
        },
        {
            "content_type": "text",
            "text": "旗の色：暗い灰色\n霧に覆われた不気味な荒野、不毛な、見捨てられた土地、地下の奥底などの場所に、恐ろしい\"亜人種族・オーク\"達が住んでいます。彼らは禍々しい瘴気を生み出し、侵攻した土地に汚染を広げていきます。\nオークは他の全ての種族に疎まれ、闇の勢力や魔族には、たびたび戦奴として使役されていることがあります。オーク族は、魔神「バーラ・ロゥグ」を崇拝し、いつの日かそれが彼らの救世主として現れ、全世界を支配するのだと語ります。他の全ての部族と国が隷属する日を夢見て、オーク達は猛り続けます。\nオークの戦将は猪突猛進の戦士であり、強大な膂力、激しい打撃、そして人間を7度殺すダメージを受けきる能力で、敵を撃滅します。狂戦士・ウルクは致命の猛攻を繰り出し、戦いではしばしば、2つの武器を同時に用います。\n一方でオークの弓使いは狡猾で冷酷であり、襲撃時には火矢を用いてきます。\nオークらは他の人々を平等に嫌悪していますが、特に騎手とその馬を憎悪しており、それに向けた攻撃に固執します。\nオークの交易人は、動物肉や腐った肉と引き換えに、金属や石材を提示します。"
        },
        {
            "content_type": "heading",
            "text": "悪魔",
            "level": 2
        },
        {
            "content_type": "text",
            "text": "旗の色：スカーレット\nオーバーワールドを越えた先、多くの人々がネザーの名で語る暗黒の大地では、地上世界への再度の侵攻を画策する闇の勢力が潜んでいます。これら\"混沌の悪魔\"達は、邪悪な生き物、火と煙と硫黄の魔物として知られています。\n冒険者は、ネザーの都市に繋がる魔のポータル、または、彼らを一時的に呼び出す魔術師や、闇の権力者に注意しなければなりません。\n悪魔たちは強力で、倒すことがきわめて難しい生物であり、決して軽視するべきではありません。"
        },
        {
            "content_type": "heading",
            "text": "不死者",
            "level": 2
        },
        {
            "content_type": "text",
            "text": "旗の色：薄灰色\n忘れ去られた墓の下。古の墳墓や霊廟。封じられていた玄室の扉は緑青の錆びに侵されて崩れ落ち、中をさまよう\"眠らざる不死者\"がざわめき始めます。闇に閉ざされた幽寂の地では、蘇ったミイラたちや死霊の王など、生への憎しみと執着に突き動かされる亡国の支配者が、命あるもの達との闘争に向け、不死者たちを率いて行軍しています。\n不死の兵隊を打ち破るのは容易ではなく、けれども金や銀の武器、太陽の光を駆使することで対抗できます。\n不死者の交易人が陳列するのは死のみであり、それを買い付けに来る客はいません。つまりこの勢力には、交易人がいないことになっています。"
        },
        {
            "content_type": "heading",
            "text": "魔族",
            "level": 2
        },
        {
            "content_type": "text",
            "text": "旗の色：黒色\n暗い森、よどんだ沼地、そびえ立つ廃墟群、光の届かない地下洞窟の奥で、\"背徳の魔族\"達が世界を破滅に導く計画を整えています。魔族達はいたるところに姿を見せ、異端の呪術師、黒の騎士、ｷﾗｰ･ｸﾗｳﾝ、自動人形、カルト信者、吸血鬼の王、亡者や幽鬼らは皆、不運な冒険者を待ち構えています。背徳に生きる者たちは寂れた場所や廃墟となった砦、または山頂に築かれたヴァンパイアロードの居城、荒野にそそり立つ邪悪な塔に住み着いています。\n魔族の呪術師や上位階級の者は、ネザーに棲む魔物を召喚してくることがあります。\n背徳の聖堂や墓所には財宝が積み上げられている。そう囁かれる一方で、守り人や怪物、罠や仕掛けに満ちた恐ろしい場所だとも言われています。\n魔族は、ほとんどの派閥と戦争状態にありますが、悪魔、オーク族、不死者らとは同盟関係を結んでいます。\n魔族の交易人は、ポーションや劇薬、邪悪な魔法武器を扱っています。安価な価格というのは無く、またしばしば、対価として血液を要求します。"
        },
        {
            "content_type": "heading",
            "text": "守護同盟",
            "level": 2
        },
        {
            "content_type": "text",
            "text": "旗の色: (黄緑色)\n悪の勢力する対抗するため、善良なる者達が集結し同盟を結び、邪悪な侵攻計画の阻止を行っています。新緑のエルフ、北の森の自警団、放浪の騎士、ドルイド僧や魔法使いは、降りかかる悪を前にした旅人を助けてくれるでしょう。\n守護同盟に属する人々が暮らしているのは、壮麗なエルフの領地、荒野の砦、崖上の魔法使いの塔、ドルイドの神木の輪など、さまざまな場所があります。\n守護同盟の交易人は、冒険者に役立つポーションや雑貨を持っており、食べ物や武器、貨幣と交換してくれるでしょう。"
        }
    ]
}