{
    "type": "manual_content",
    "lang": "ja_JP",
    "category": "machines",
    "content": [
        {
            "content_type": "heading",
            "text": "機械類",
            "level": 1
        },
        {
            "content_type": "text",
            "text": "Ancient_Warfareの機械類は、Minecraftにおけるほとんどの機能を自動化させる手段となっており、それらの全ての仕事を行うエネルギーとして\"トルク\"を動力としてを使います。\n機械は、適切なNPC労働者によって動作させることも可能です。\n殆どの機械は複数のインベントリを持っています。そして機械は、ブロックのそれぞれの面に割り当てられたインベントリを使用する仕組みになっており、どの面からどのインベントリスロットに配置されるかが決まっています。\nこれらの面は、機械のGUIの左下隅にある\"Sides\"ボタンをクリックして変更が行えます。\n初期設定では、\"上側\"のインベントリはブロックの上面に設定され、\"中間\"のインベントリはブロックの側面4つに、\"下側\"のインベントリはブロックの底面に設定されています。\nAncient_Warfareではできるだけ多くのMODに対応できるように努めており、Biomes O’ Plenty’sの木や果実、草(耕作用), Forestryの木, Immersive Engineeringの麻, Harvestcraftsの果実, Naturaの作物や樹木、果実, Ore Berriesの果実, Ore Shrubsの果実, Rusticの木や果実, Random Thing’sの肥沃な土、といったものと、直接的互換性を持ちます。 いますが、AWに対応していないMODがある場合は、AW開発チームへ連絡してください！"
        },
        {
            "content_type": "image",
            "path": "/images/Sides_GUI1.jpg",
            "width": 764,
            "height": 421
        },
        {
            "content_type": "text",
            "text": "\n\n\n "
        },
        {
            "content_type": "item",
            "name": "ancientwarfareautomation:crop_farm"
        },
        {
            "content_type": "heading",
            "text": "耕作農場",
            "level": 2
        },
        {
            "content_type": "text",
            "text": "\"耕作農場\"では、 範囲内の区域に植えるべき作物が適切に設定されている限り、全てのバニラ作物、サトウキビ、キノコ、サボテンの作付けと収獲を行うことができます。\n耕作/植え付け/収獲が行われるブロックの範囲は、\"範囲\"の調整GUIで設定できます。\n収獲されたものは、上側のインベントリに配置されます。植えたい種などは、中央のインベントリに入れて下さい。\n下側インベントリは骨粉専用になっており、\n耕作/植え付けが行われたあと、作物の成長を早めることに使われます。\n範囲、品質、ｴﾝﾁｬﾝﾄツールなどのアップグレードが使用できます。\n"
        },
        {
            "content_type": "text",
            "text": "\n\n\n "
        },
        {
            "content_type": "item",
            "name": "ancientwarfareautomation:fruit_farm"
        },
        {
            "content_type": "heading",
            "text": "果樹農場",
            "level": 2
        },
        {
            "content_type": "text",
            "text": "\"果樹農場\"では、バニラのカカオ豆の栽培と収獲、そしてHarvestcraftなどのような、多くのMOD由来の果樹を育てられます。\n範囲領域内へ適切に果樹を植えることで、果物などを収獲できます。\n収獲が行われるブロックの範囲は、\"範囲\"調整GUIで設定できます。\n収獲されたものは、上側のインベントリに配置されます。植えたい種などは、中央のインベントリに入れて下さい。\n下側インベントリは骨粉専用です。\n作物の成長を早めることに使われます。\n範囲、品質、エンチャントツールなどのアップグレードが使用できます。"
        },
        {
            "content_type": "text",
            "text": "\n\n\n "
        },
        {
            "content_type": "item",
            "name": "ancientwarfareautomation:tree_farm"
        },
        {
            "content_type": "heading",
            "text": "植林場",
            "level": 2
        },
        {
            "content_type": "text",
            "text": "\"植林場\"では、苗木を植えて成長させ、そこから原木を収獲します。\n植え付け/伐採が行われるブロックの区画は、\"範囲\"調整GUIで設定できます。\n収獲されたものは、上側のインベントリに配置されます。植えたい苗木などは、中央のインベントリに入れて下さい。\n下側インベントリは骨粉専用です。\n植え付けが行われたあと、苗木の成長を早めることに使用されます。\n範囲、品質、ｴﾝﾁｬﾝﾄツールなどのアップグレードが使用できます。\n植林場では、苗木を植えられる場所を設定することができます。範囲GUIの赤い四角をクリックするそれが黒く変化し、そこに植え付けが行われなくなります。"
        },
        {
            "content_type": "image",
            "path": "/images/Tree_Farm_Bounds1.jpg",
            "width": 453,
            "height": 426
        },
        {
            "content_type": "text",
            "text": "\n "
        },
        {
            "content_type": "item",
            "name": "ancientwarfareautomation:animal_farm"
        },
        {
            "content_type": "heading",
            "text": "畜産農場",
            "level": 2
        },
        {
            "content_type": "text",
            "text": "\"畜産農場\"では、家畜への自動的な餌の供給や収獲が行われます。\n一種類あたりの飼育できる大人の動物の最大数は、GUIの[その他]ボタンから設定可能です。\n収獲されたものは上側のインベントリに配置されます。\n動物用の餌や飼料は、中央のインベントリに入れて下さい。\n下側のインベントリには、ウシ用のバケツ、ヒツジの毛を刈るためのハサミを入れます。\n繁殖可能な大人の動物が2頭存在する場合に給餌が行われます。\n範囲、品質、エンチャントツールなどのアップグレードが使用できます。"
        },
        {
            "content_type": "text",
            "text": "\n\n\n "
        },
        {
            "content_type": "item",
            "name": "ancientwarfareautomation:fish_farm"
        },
        {
            "content_type": "heading",
            "text": "養魚場",
            "level": 2
        },
        {
            "content_type": "text",
            "text": "\"養魚場\"では、魚(バニラの全ての種類)の捕獲を自動化させるだけでなく、インクを収獲することもできます。\n養魚場の範囲境界線の下側に水が豊富であると、収獲が早くなります。\n[その他]のGUIでは、魚やインクの収獲の有効/無効を切り替えられます。\n範囲、品質、エンチャントツールなどのアップグレードが使用できます。"
        },
        {
            "content_type": "item",
            "name": "ancientwarfareautomation:quarry"
        },
        {
            "content_type": "heading",
            "text": "採掘場",
            "level": 2
        },
        {
            "content_type": "text",
            "text": "\"採掘場\"ではブロックの採掘が行えます。\n初期設定の採掘場では、石のツルハシで採掘できるブロックが生産されます。\nさらに硬いブロックを採掘するためには、アップグレードが必要になってきます。\n採掘されたものは、上側のインベントリに配置されます。\n採掘場は水源ブロックを除去しますが、溶岩の下側は採掘できません。\n採掘場には、採掘場の範囲の高さをカスタマイズするための\"高さ\"GUIがあります。初期値は、採掘場ブロックのY高度となっています。また、範囲、品質、ｴﾝﾁｬﾝﾄツールなどのアップグレードが使用できます。"
        },
        {
            "content_type": "item",
            "name": "ancientwarfareautomation:auto_crafting"
        },
        {
            "content_type": "heading",
            "text": "自動クラフト作業台",
            "level": 2
        },
        {
            "content_type": "text",
            "text": "\"自動クラフト作業台\"は、クラフトの自動化を専門に行う作業場です。\n自動クラフト作業台には3つのインベントリがあります。\nクラフト素材の保管、レシピの配置、そして完成品の出力/保管場所です。\n供給された動力による処理結果として1つのアイテムが作成され、出力インベントリに置かれます。\n自動クラフト作業台を使用するには、まずレシピグリッドに目的のレシピを配置してください。\n処理において、レシピグリッド内のアイテムが消費されることはありません。\n素材インベントリのアイテムのみが使用されます。\nレシピの配置を行ったあと、生産されるアイテムが出力インベントリに表示されるはずです。\nレシピから生産を行うには、必要な原料を素材インベントリに置いてください。\n素材(入力)インベントリは大きな2列の形になっており、自動クラフト作業台の上面(天面)からアクセスできます。\n一方、完成品(出力)インベントリはレシピグリッドの下側の小さな一列のインベントリで、自動クラフト作業台の下側(底面)からアクセスできます。"
        },
        {
            "content_type": "item",
            "name": "ancientwarfareautomation:mailbox"
        },
        {
            "content_type": "heading",
            "text": "郵便箱",
            "level": 2
        },
        {
            "content_type": "text",
            "text": "郵便箱は、ゲーム終盤におけるアイテム転送システムとして機能します。アイテムの移動時間は距離によって決まります(20tick/ブロック, 別ディメンションへは60秒、いずれもコンフィグで設定が可能) 郵便箱には、\"公共\"ネットワーク、または各プレイヤー同士の\"プライベート\"ネットワークの、いずれかのフラグを立てることができます。\n郵便箱には、送りたいアイテムを入れ、受け取ったアイテムを取り出す以外に、操作や動力などを必要としません。\n公共の郵便箱には、チームや郵便箱の所有者に関係なく、誰でも送受信ができます。\n公共の郵便箱は他の公共郵便箱との間で送受信が行われます。\n公共郵便箱の名前リストは誰でも参照することができ、このリストから名前の追加/削除が行えます。\nプライベートの郵便箱は、その所有者しか扱うことができません。\n所有者は、自身の持つプライベート郵便箱同士とのみ送受信を行えます。\nプライベート郵便箱は、その所有者のみが、リストに名前を追加/削除し、郵便箱に特定のプライベート名を割り当てることができます。"
        },
        {
            "content_type": "item",
            "items": [
                {
                    "name": "ancientwarfareautomation:chunk_loader_simple"
                },
                {
                    "name": "ancientwarfareautomation:chunk_loader_deluxe"
                }
            ]
        },
        {
            "content_type": "heading",
            "text": "チャンクローダー",
            "level": 2
        },
        {
            "content_type": "text",
            "text": "チャンクローダーはMinecraft上の特定のチャンクの読み込みを行い、強制的にtickを刻み、進行させます。\nチャンクローダーの影響下にあるチャンクは、プレイヤーが近くにいなくてもワールド上で読み込みが行われ、作業現場の機能やNPCの作業が継続されます。\"シンプル・チャンクローダー\"は、配置されているチャンクを中心に3x3のチャンク領域の読み込みを行います。\n\"デラックス・チャンクローダー\"では、周辺のどのチャンクの読み込みを行うかを設定できるGUIがあります。\n(GUIの上部は北方向を表し、チャンクローダーは中央に位置します) 5x5の領域で、最大25チャンクの読み込みを行います。"
        },
        {
            "content_type": "item",
            "items": [
                {
                    "name": "ancientwarfareautomation:worksite_upgrade",
                    "data": 0
                },
                {
                    "name": "ancientwarfareautomation:worksite_upgrade",
                    "data": 1
                },
                {
                    "name": "ancientwarfareautomation:worksite_upgrade",
                    "data": 2
                },
                {
                    "name": "ancientwarfareautomation:worksite_upgrade",
                    "data": 3
                },
                {
                    "name": "ancientwarfareautomation:worksite_upgrade",
                    "data": 4
                },
                {
                    "name": "ancientwarfareautomation:worksite_upgrade",
                    "data": 5
                }
            ]
        },
        {
            "content_type": "item",
            "items": [
                {
                    "name": "ancientwarfareautomation:worksite_upgrade",
                    "data": 6
                },
                {
                    "name": "ancientwarfareautomation:worksite_upgrade",
                    "data": 7
                },
                {
                    "name": "ancientwarfareautomation:worksite_upgrade",
                    "data": 8
                },
                {
                    "name": "ancientwarfareautomation:worksite_upgrade",
                    "data": 9
                },
                {
                    "name": "ancientwarfareautomation:worksite_upgrade",
                    "data": 10
                }
            ]
        },
        {
            "content_type": "heading",
            "text": "範囲/ツール/エンチャントのアップグレード, 作業場のチャンクローダー",
            "level": 2
        },
        {
            "content_type": "text",
            "text": "機械にボーナスを与えるさまざまなアップグレードは、機械のブロックに向けてShift-右クリックすることによって、だいたいの機械へ導入することができます。\n殆どの機械に使用できる範囲アップグレードには2つの種類があります。\n中規模では最大範囲を9x9に、大規模では最大範囲を16x16に拡張します。\n全ての農業タイプの機械は、範囲GUIで調整を行うことができ、またそこから範囲アップグレードを反映させることができます。\n採掘場には採掘アップグレードという独自のものがあり、これも2種類あります。中規模は最大範囲を32x32に拡張。\n大規模は最大範囲を64x64に拡張されます。\n品質アップグレードには、初級、中級、上級の3種類があり、機械の効率をさらに向上させます。\nこれらが採掘場に導入された場合、[初級]は鉄ツルハシで採掘を行う機能、[中級]ではダイヤツルハシで採掘する機能が与えられます。\nそして[上級]では、壊れやすいブロックを採掘する機能がもたらされます。\n機械ブロック用の\"チャンクローダーアップグレード\"もあり、これは機械ブロック、またはその作業範囲領域に交わるチャンク全ての読み込みを行います。\nこれにより、プレイヤーが近くにいなくでも、その機械は通常通りに機能します。\n採掘場には専用のチャンクローダーアップグレードが用意されており、これも同じような機能を持っており、大規模な採掘範囲に役立ちます。\nエンチャントツールアップグレードには低レベル、高レベルの2種類があり、こらは機械の生産効率を上昇させます。\n低レベルのアップグレードは、ブロックの採掘や動物の屠殺に対し、[ドロップ増加 I][幸運 I]に相当する効果をもたらします。\n高レベルのアップグレードは、ブロックの採掘や動物の屠殺に対し、[ドロップ増加 II][幸運 II]に相当する効果をもたらします。"
        }
    ]
}