{
    "type": "manual_content",
    "lang": "ja_JP",
    "category": "npcs",
    "content": [
        {
            "content_type": "heading",
            "text": "Player Owned NPCs",
            "level": 1
        },
        {
            "content_type": "text",
            "text": "全てのNPCはスポーンアイテムから誕生し、サバイバルモードにおいては、該当する研究を行ったのちに技術・工作拠点で作成することができます。レシピの確認にはJEI/NEIを使用してください。\n初期設定では、NPCが生成された地点のブロックがホームポジションになります。\n攻撃を受ける、または夜になった際には、いつもここへ戻ってきます。\nNPCは3つの主要なカテゴリに分類されます。\n労働者、戦闘員、その他です。\n\n[労働者]のNPCは機械装置の運用を担当し、設定可能なそれぞれの役職に分類されています：\n農家、木こり、採掘人、クラフト士、研究者\n\n[戦闘]NPCは防衛と攻撃での活用が見込まれており、設定可能なそれぞれの役割に分類されています：\n兵士、弓士、指揮官\n\n[その他]に分類されるNPCは、他の様々な仕事を担います:\n配達人、交易人、司祭、楽士\n \n 全てのNPCには右クリックで開くことのできる、相談(Interaction)GUIがあります。\nこのGUIではNPCのメインハンド,オフハンド,防具,指示書などの各スロットがあり、これらは全てプレイヤーが設定できます。\nGUIにはNPCの名前とスキンを設定できる、ネームエントリやスキンエントリが設けられています。\nGUIの他のボタンは、取引やその他の目的に使われます。\n追従切り替えでは、NPCをプレイヤーに追従させることができ、これはNPCをスニーク-右クリックすることでも実行できます。\nホームの設定は、NPCがいつも立っている場所としての、ホームポイントの設定を行います。\nホームの取り消しは、そのNPCのホームポイントを完全に削除します。\nリパックは、NPCの設定を保存した状態で、そのNPCをスポーンアイテムの状態に戻すことができます。\nその後プレイヤーは、好きな場所に再配置を行うことができます。\n最後に、クリエイティブGUIは、その名前が指すとおりに、クリエイティブモードのプレイヤーが使用でき、高度な設定を行うことができます。"
        },
        {
            "content_type": "item",
            "name": "minecraft:cooked_beef"
        },
        {
            "content_type": "heading",
            "text": "配給の仕組み",
            "level": 2
        },
        {
            "content_type": "text",
            "text": "プレイヤーがオーナーとなっている全てのNPCは、食料を供給することで維持させる必要があります。\nもしも彼らが食料を得られなければ;\n彼らはその役割を果たすのをやめるでしょう。\n労働者やその他のNPCはそのへんを歩き回り、戦闘NPCは自衛の場合にのみ攻撃を行います。\nまた彼らは、空腹である限り自動回復をしなくなります。\n配給地点が割り当てられている場合、彼らはその付近で補給があるのを待つでしょう。\n配給の時間ごとに引き出されるそれぞれの食料の数は、配給指示書から設定できます。\n配給指示書を持たせていない場合、NPCは5分(ﾘｱﾙﾀｲﾑ)ごとに十分な量の食料の引き出しを試みます。\n食料とみなされるアイテムや、アイテムそれぞれの食料価値を調整したい場合は、コンフィグファイルであるAncientWarfareNpcFood.cfgから設定可能です。\n配給指示書を持たせていないNPCは、最寄りのタウンホールブロックから配給食料の引き出しを試みます。\nプレイヤーはコマンドバトンを使うことで、手動でNPCの配給地点を指定することができますが、これは各配給ごとにどれだけの食料が引き出されるかを設定することにはできません。\n \n \n "
        },
        {
            "content_type": "item",
            "name": "ancientwarfarenpc:upkeep_order"
        },
        {
            "content_type": "heading",
            "text": "配給指示書",
            "level": 2
        },
        {
            "content_type": "text",
            "text": "配給指示書を使用するには、指示書を手に持ち、NPCに引き出しを行わせたいインベントリのあるブロックに視点を合わせてZキーを押します。\n配給指示書ごとに一つのインベントリしか設定できません。\n引き出しを行わせたいインベントリを設定したら、右クリックで指示書を開きます。\n開いたGUIには、地点、内容、場所、各面固有のインベントリオプション(チェストの場合には、これは関係ありません)が表示されます。\nこれらのオプションの隣には、食料取り出しに行かせる最小時間を、分単位で入力するエントリがあります。\nNPCの配給指示書スロットに指示書を持たせると、その内容に従うようになります。\n "
        },
        {
            "content_type": "text",
            "text": "\n\n\n "
        },
        {
            "content_type": "item",
            "name": "ancientwarfarenpc:town_hall"
        },
        {
            "content_type": "heading",
            "text": "タウンホール",
            "level": 2
        },
        {
            "content_type": "text",
            "text": "\"タウンホールブロック\"は、そのオーナーのNPCの自動割り当てが行える配給地点として機能します。\n配給の指示書が無い場合、範囲内のNPCは食料を引き出す配給地点として、最も近い場所のタウンホールを選択します。\nこれはコマンドバトンで割り当てられた配給地点を上書きします。\nタウンホールには、NPCの配給食糧を保管するための、中規模インベントリが備えてあります。\nまた、タウンホールはその範囲内で死亡したNPCの、死亡追跡の機能もあります。\nプレイヤーはタウンホールのGUIにある、死亡リストのボタンを押すことで、このリストを確認できます。\nこのリストは死亡リストGUI内のリストの取り消しボタンを押すことで、手動で消去ができます。\n司祭たちはこの死亡リストを復活の可能性がある目標の確認に使っているので、ここに記載されているNPCを復活させたい場合は、リストの消去はしないでください。"
        },
        {
            "content_type": "item",
            "name": "ancientwarfarenpc:diamond_command_baton"
        },
        {
            "content_type": "heading",
            "text": "コマンドバトン",
            "level": 2
        },
        {
            "content_type": "text",
            "text": "\"コマンドバトン\"はオーナーの、または同じチームに属するNPCに命令を出す手段となります。\n各コマンドバトンはそれ自身にNPCターゲットのリストを保存しています;\n複数のバトンを号令グループに使用することができます。\nまた、コマンドバトンは武器としても機能し、それぞれの素材で作られた剣と同等のダメージを与えられます。\n指揮の対象となったNPCのリストは、画面左上側に表示されます。\n現在選択中の対象は、画面の右上側に表示されます。\n号令の対象となったNPCをリストに追加、削除するには、目的のNPCに向かって右クリックをします。\nバトンはアイテム使用のキー設定を通じて、NPCに号令を出すことができます。\n号令は、強調表示されているブロック、またはエンティティを対象にして発せられます。\n号令は、バトンのリストに登録されている全てのNPCに届けられます。\n号令を出すには、対応する号令キーを押してください。\n現在使用可能なキー/号令は、以下のとおりです:\n\"Z\"-現在の号令を解除\n\"X\"-目標を攻撃、または視界内に見える敵を攻撃しつつ、目標地点に移動\n\"C\"-目標に追従 / 目標を防衛 / 目標の地点へ移動 / 目標のウマへ騎乗\n\"V\"-ホームポイントを設定。\nスニークしながらこの号令を出すことで、ホームポイントの取り消し\n\"B\"-配給地点を設定。\nスニークしながらこの号令を出すことで、配給地点を取り消し"
        },
        {
            "content_type": "text",
            "text": "\n\n\n\n\n\n\n\n\n\n\n\n\n\n\n\n\n\n\n\n\n\n\n\n\n\n\n\n "
        },
        {
            "content_type": "item",
            "name": "ancientwarfarenpc:npc_spawner",
            "nbt": "{npcSubtype:\"\",npcType:\"worker\"}"
        },
        {
            "content_type": "heading",
            "text": "労働者のNPC",
            "level": 1
        },
        {
            "content_type": "text",
            "text": "[労働者]のNPCは、サバイバルモードで出現する一般的なNPCです。\nそれぞれのツールが装備されていなければ、NPCは仕事や役割を全うできません。\n仕事や適切な機械に携わる能力を与えるには、彼らにツール類を支給しなければなりません。\nこのNPCが自発的に行える唯一の行動は、食料を食べることです。\nなので、できるだけ早く彼らに仕事を与えてあげてください。\n機械装置に使われている素材は、全ての労働者における作業成果と効率に影響します。\n労働者それぞれのレベルもまた、現在の彼らの仕事における効率に影響するでしょう。\n夜間、または雨が降ると、労働者はいつでも自動で木にホームポイントへ戻ります。\n労働者NPCが敵対的な存在を発見した場合、彼らは警報を発しながら、敵を回避するためにもっとも近いタウンホール/ホームポイントに向かって移動します。\nタウンホールやホームポイントが設定されていない場合、彼らは通常通りの作業を行おうとします。\n近隣の他のNPCは、警報に対し反応を示します。\n他NPCも同様に逃げ始めますが、戦闘NPCは敵を迎撃しに移動するでしょう。"
        },
        {
            "content_type": "image",
            "path": "/images/NPC_Warning1.jpg",
            "width": 722,
            "height": 389
        },
        {
            "content_type": "item",
            "name": "ancientwarfarenpc:work_order"
        },
        {
            "content_type": "heading",
            "text": "Work Orders",
            "level": 2
        },
        {
            "content_type": "text",
            "text": "労働者NPCは、有効化されている最寄りの作業場を探し、自動で仕事を始めようとします。\nやれる仕事が何もなければ、彼らは歩き回り始めるでしょう。\n作業場の自動選択機能は、正しく設定された\"作業指示書\"を指示書スロットから持たせることで、上書きすることができます。\n作業指示書を使用するには、指示書を手に持ち、NPCに作業をさせたい機械を見ながら\"Z\"キーを押します。\nこれは、複数の機械に対して行うことができます。\n作業させたい機械を選択したら、右クリックで指示書を開きます。\n開いたGUIには、作業地点のリスト、それがなんであるか、どこにあるか、リスト内で入れ替えを行うプラス記号とマイナス記号、そして削除ボタンがあります。これらのオプションの隣には、労働者がその現場で最低どのくらい作業を行うかを、秒単位で入力するエントリがあります。\n実際にはここをゼロのままにすることがほとんどであり、それはNPCに、その場での作業にできるだけ時間を費やすことを指示しています。\nリスト全体の上側には、2つのボタンがあり、上のボタンはリストの各地点でNPCが何をするかの設定で、下のボタンはNPCの日勤、夜勤を設定します。"
        },
        {
            "content_type": "item",
            "name": "ancientwarfarenpc:npc_spawner",
            "nbt": "{npcSubtype:\"farmer\",npcType:\"worker\"}"
        },
        {
            "content_type": "heading",
            "text": "Farmer",
            "level": 2
        },
        {
            "content_type": "text",
            "text": "\"農家\"にあたる労働者NPCは、耕作農場,果樹農場,畜産農場,養魚場での作業にたずさわります。\nこの役割を与えるには、メインハンドに何らかの種類(素材レベル)の\"クワ\"を持たせてください。\n労働者のスキン(外見)が農家のものに変わっていることを確認してください。\n変更が行われていなければ、労働者は農家ではありません。\nオフハンド、防具、指示書スロットの設定を、自由に行うことができます。"
        },
        {
            "content_type": "text",
            "text": "\n\n\n\n\n "
        },
        {
            "content_type": "item",
            "name": "ancientwarfarenpc:npc_spawner",
            "nbt": "{npcSubtype:\"lumberjack\",npcType:\"worker\"}"
        },
        {
            "content_type": "heading",
            "text": "Lumberjack",
            "level": 2
        },
        {
            "content_type": "text",
            "text": "\"木こり\"は植林場で働きます。\nこの役割を与えるには、メインハンドに何らかの種類(素材レベル)の\"斧\"を持たせてください。\n労働者のスキン(外見)が木こりのものに変わっていることを確認してください。\n変更が行われていなければ、労働者は木こりではありません。\nオフハンド、防具、指示書スロットの設定を、自由に行うことができます。"
        },
        {
            "content_type": "item",
            "name": "ancientwarfarenpc:npc_spawner",
            "nbt": "{npcSubtype:\"miner\",npcType:\"worker\"}"
        },
        {
            "content_type": "heading",
            "text": "Miner",
            "level": 2
        },
        {
            "content_type": "text",
            "text": "\"採掘人\"は採掘場で働きます。\nこの役割を与えるには、メインハンドに何らかの種類(素材レベル)の\"ツルハシ\"を持たせてください。\n労働者のスキン(外見)が採掘人のものに変わっていることを確認してください。\n変更が行われていなければ、労働者は採掘人ではありません。\nオフハンド、防具、指示書スロットの設定を、自由に行うことができます。"
        },
        {
            "content_type": "item",
            "name": "ancientwarfarenpc:npc_spawner",
            "nbt": "{npcSubtype:\"craftsman\",npcType:\"worker\"}"
        },
        {
            "content_type": "heading",
            "text": "Craftsman",
            "level": 2
        },
        {
            "content_type": "text",
            "text": "\"クラフト士\"は、産業倉庫と自動クラフト拠点、人力のトルク発生装置や、サバイバル用建造物ビルダーにたずさわります。\nこの役割を与えるには、メインハンドに何らかの種類(素材レベル)の\"ハンマー\"を持たせてください。\n労働者のスキン(外見)がクラフト士のものに変わっていることを確認してください。\n変更が行われていなければ、労働者はクラフト士ではありません。\nオフハンド、防具、指示書スロットの設定を、自由に行うことができます。"
        },
        {
            "content_type": "text",
            "text": "\n\n\n "
        },
        {
            "content_type": "item",
            "name": "ancientwarfarenpc:npc_spawner",
            "nbt": "{npcSubtype:\"researcher\",npcType:\"worker\"}"
        },
        {
            "content_type": "heading",
            "text": "Researcher",
            "level": 2
        },
        {
            "content_type": "text",
            "text": "\"研究者\"は研究・開発拠点に就くNPCであり、プレイヤーからの指示を待たず、継続的に研究を進行させます。\nこの役割を与えるには、メインハンドに何らかの種類(素材レベル)の\"羽ペン\"を持たせてください。\n必要に応じて、オフハンドと防具の設定を行えます。\nコンフィグ設定から、研究ごとに要求される動力の量を増加させることができ、研究者はそうした場合において価値を発揮します。\nしかしながら初期設定ではプレイヤー自身だけで容易に動力の供給を賄えるため、研究者が必要になる機会がほとんどありません。"
        },
        {
            "content_type": "text",
            "text": "\n\n\n "
        },
        {
            "content_type": "item",
            "name": "ancientwarfarenpc:npc_spawner",
            "nbt": "{npcSubtype:\"\",npcType:\"combat\"}"
        },
        {
            "content_type": "heading",
            "text": "Combat NPC",
            "level": 1
        },
        {
            "content_type": "text",
            "text": "\"戦闘NPC\"は労働者に近い存在ですが、最初にスポーンしたばかりの状態では仕事を持っていないため、それらを与えなければなりません。\n彼らに指示する仕事がどんなものであろうと、プレイヤーは適切な装備を支給しておかなければなりません。\n彼らが与えるダメージ量は、NPCのレベルと装備されているアイテムの\"素材レベル\"で決まります。\n労働者と同様、戦闘NPCは役割が変わっても経験値とレベルを引き継ぎます。\n戦闘NPCが敵対mobを発見した場合、彼らは警報を発し、その敵に向けた攻撃距離へ移動し始めます。\n近隣の他のNPCはこの警報にそれぞれの反応と対処を行い、他のNPCは逃走を開始し、戦闘NPCは敵への攻撃距離へ移動します。\n戦闘NPCにホームポイントが設定されている場合、彼らは敵を追跡している際でも、ホームポイントの設定距離の範囲内に留まろうとするでしょう。\nあまりにも遠く離れすぎると、彼らは現在の任務/目標を放棄して、設定されているホームポイントの範囲内に戻り始めます。\n戦闘NPCにの指示書スロットには、適切に設定された\"戦闘指示書\"を持たせることによって、巡回ルートを割り当てることができます。"
        },
        {
            "content_type": "item",
            "name": "ancientwarfarenpc:combat_order"
        },
        {
            "content_type": "heading",
            "text": "Combat Orders",
            "level": 2
        },
        {
            "content_type": "text",
            "text": "\"戦闘指示書\"は、作業指示書と同様、手に持って\"Z\"キーを押すことで地点の設定が行えます。\n右クリックで指示書を開き、作業指示書と似たようなGUIが開けます。\n戦闘指示書の場合は、座標の地点をの項目を上下に移動させる\"+\"と\"-\"の記号、削除する\"x\"だけがあります。\n戦闘NPCの指示書スロットに持たせると、これらの座標地点を巡回し始めます。\n座標地点を一つだけにして、番兵のようにNPCにその場を守らせるという手法も行えます。"
        },
        {
            "content_type": "item",
            "name": "ancientwarfarenpc:npc_spawner",
            "nbt": "{npcSubtype:\"soldier\",npcType:\"combat\"}"
        },
        {
            "content_type": "heading",
            "text": "Soldier",
            "level": 2
        },
        {
            "content_type": "text",
            "text": "いずれかの種類(素材レベル)の\"剣\"を持たせると、戦闘NPCは\"兵士\"となります。\n戦闘NPCのスキンが専用のものに変わっていなければ、兵士ではありません。\n彼らが与えるダメージ量は、装備されている剣の\"素材レベル\"で決まります。\nお好みでオフハンド、防具、指示書スロットの設定を行えます。\nオフハンドにもう一つ剣を装備させることで、兵士を二刀流にすることができ、オフハンドの剣はメインハンドの剣の半分のダメージを与えることができます。"
        },
        {
            "content_type": "text",
            "text": "\n\n\n "
        },
        {
            "content_type": "item",
            "name": "ancientwarfarenpc:npc_spawner",
            "nbt": "{npcSubtype:\"archer\",npcType:\"combat\"}"
        },
        {
            "content_type": "heading",
            "text": "Archer",
            "level": 2
        },
        {
            "content_type": "text",
            "text": "戦闘NPCに\"弓\"を装備させると、\"弓兵\"になります。\n戦闘NPCのスキンが専用のものに変わっていなければ、弓兵ではありません。\n彼らの射程距離はバニラのスケルトンと同じです。\nお好みでオフハンド、防具、指示書スロットの設定を行えます。"
        },
        {
            "content_type": "item",
            "name": "ancientwarfarenpc:npc_spawner",
            "nbt": "{npcSubtype:\"commander\",npcType:\"combat\"}"
        },
        {
            "content_type": "heading",
            "text": "Commander",
            "level": 2
        },
        {
            "content_type": "text",
            "text": "戦闘NPCに\"コマンドバトン\"を装備させると、\"指揮官\"になります。\n戦闘NPCのスキンが専用のものに変わっていなければ、指揮官ではありません。\n彼らが与えるダメージ量は、装備されているバトンの素材レベルで決まります。\n指揮官は、近くに存在する同じチームのNPCのダメージと防御力を増加させます。\nお好みでオフハンド、防具、指示書スロットの設定を行えます。\nオフハンドにもう一つバトンを装備させることで、指揮官を二刀流にすることができ、オフハンドのバトンはメインハンドのバトンの半分のダメージを与えることができます。"
        },
        {
            "content_type": "item",
            "name": "ancientwarfarenpc:npc_spawner",
            "nbt": "{npcSubtype:\"medic\",npcType:\"combat\"}"
        },
        {
            "content_type": "heading",
            "text": "Medic",
            "level": 2
        },
        {
            "content_type": "text",
            "text": "いずれかの種類(素材レベル)の\"斧\"を持たせると、戦闘NPCは\"救護兵\"となります。\n戦闘NPCのスキンが専用のものに変わっていなければ、救護兵ではありません。\n彼らが与えるダメージ量は、装備されている斧の素材レベルで決まります。\n救護兵は、近くにいる同じチームに属するNPCの回復に務めます。\nお好みでオフハンド、防具、指示書スロットの設定を行えます。"
        },
        {
            "content_type": "item",
            "name": "ancientwarfarenpc:npc_spawner",
            "nbt": "{npcSubtype:\"\",npcType:\"siege_engineer\"}"
        },
        {
            "content_type": "heading",
            "text": "Siege Engineer",
            "level": 2
        },
        {
            "content_type": "text",
            "text": "\"工作兵\"は、技術・工作拠点で作成できる専用のスポーンアイテムから誕生します。\n工作兵たちは自動的に近くにある攻城兵器へ乗り込みます。\nそれらの兵器を扱うために、メインハンドに何かを装備させる必要はありません。\nお好みでオフハンド、防具、指示書スロットの設定を行えます。"
        },
        {
            "content_type": "heading",
            "text": "Utility NPCs",
            "level": 1
        },
        {
            "content_type": "text",
            "text": "\"その他\"に分類されるNPC達は、それぞれに独自のスポーンアイテムが用意されており、必要な研究を経て技術・工作拠点で作成することができます。\nこれらのNPCは役割を変更させることができず、正しく機能させるために、メインハンドに持たせる特定のアイテムが必要になります。"
        },
        {
            "content_type": "item",
            "name": "ancientwarfarenpc:npc_spawner",
            "nbt": "{npcSubtype:\"\",npcType:\"courier\"}"
        },
        {
            "content_type": "heading",
            "text": "Courier",
            "level": 2
        },
        {
            "content_type": "text",
            "text": "\"配達人\"は、インベントリ間で自動でアイテムを移動させることを行います。\n持ち物を運ぶためのインベントリとして、配達人のメインハンドにカバンを持たせなければなりません。\nお好みでオフハンド、防具、指示書スロットの設定を行えます。\n配達人が持ち運べるアイテムの量はカバンの種類によって決まります。\n配達人が運んでいるものはカバンに収納されており、いつでも中身の確認や操作、削除を行うことができます。\n配達人は、指示書スロットに\"配達指示書\"を持っていなければ機能しません。\n配達指示書では、配達人が行き来するブロックと、到着の度に移動させるアイテムの指定を行います。\n設定や機能の詳細は、配達指示書の項目を参照してください。"
        },
        {
            "content_type": "item",
            "name": "ancientwarfarenpc:routing_order"
        },
        {
            "content_type": "heading",
            "text": "Routing Orders",
            "level": 2
        },
        {
            "content_type": "text",
            "text": "\"配達指示書\"は、配達人NPCが行き来する経路(ルート)、及び、各到着地点で出し入れするアイテムを指定するために使用されます。\n作業や戦闘の指示書と同様に、配達指示書に地点を追加するためには、手にもってアクセスさせたいインベントリに視線を向け、\"Z\"キーを押します。\n機械に向けての場合、各面に固有のインベントリがあることを思い出してください。(※かまどのように)\n指示書に地点を追加するときには、アクセスを行わせたい面に視点を合わせることが大切です。配達指示書を持って右クリックをすると、インベントリの面、出し入れを行う内容、または経路の順序の変更が行えます。\n対象とする面を変更するには、配達指示書のGUIを開き、現在の面ラベルが付いたボタンをクリックします。(北、南、東、西、上、または下)\nボタンをクリックするたびに、選択する面が切り替わります。\n経路上での各地点では、アイテム一種類の出し入れを行えます。\nより複雑な作業のために、同じブロック/インベントリを複数回指定することができます。フィルタバーでは、チェストの中のスロットのように配置をすることで、アイテムを追加することができ、同じスロットをクリックし続けることで、スタック(64個)よりも大きい数字を指定できます。\n個数を減らすには、アイテムを手に持って左クリックをします。スタックサイズが異なっても、適切に増減を行います。経路の種類を変更するには、現在の配達タイプのラベルボタンをクリックします。利用可能なアイテム配達の種類は、次のとおりです:\n\n荷降ろし・指定数: 配達人NPCは、指定されている量までアイテムを置いてゆきます。\nインベントリに指定数以上のアイテムがある場合は、何も置いてゆきません。\n\n積込み・指定数: 対象のインベントリから指定数分の積込みを行います。指定数分のアイテムを既に持っている場合、配達人は取り出しを行いません。\n\n荷降ろし・全て: フィルタバーに一致しているアイテム全てを、対象のインベントリへ降ろそうとします。スタック数の指定は無視され、配達人はインベントリへ置くことができなくなる、または何も持っていない状態になるまでそれを行います。\n\n積込み・全て: フィルタバーに一致する全てのアイテムを、対象のインベントリから取り出そうとします。スタック数の指定は無視され、配達人はカバンが満杯になるまで、またはインベントリに何も残らなくなるまでこれを行います。\n\n荷降ろし・除外: フィルタバーで指定されている以外のアイテムを、対象のインベントリに置いてゆきます。スタック数は無視され、それらが満杯になるか配達人が何も出せなくなるまで、指定のアイテム以外を置いてゆきます。\n\n積込み・除外: 対象のインベントリから、フィルタバーで指定されている以外のアイテムを取り出します。スタック数の指定は無視され、配達人はインベントリへ置くことができなくなる、または何も持っていない状態になるまで、指定のアイテム以外を取り出します。\n\n荷降ろし・比率: 対象のインベントリへ、指定された比率分のアイテムを降ろしてゆきます。フィルタバーにおけるアイテムスタック数で比率を決定します。2つなら半分、3なら三分の一、などです。\n\n積込み・比率: 対象のインベントリから、指定された比率分のアイテムを取り出します。フィルタバーにおけるアイテムスタック数で比率を決定します。2つなら半分、3なら三分の一、などです。\n\n荷降ろし・厳格: 対象のインベントリへ、フィルタバーに指定している数量を正確に置いてゆこうとします。配達人が正確な量を持っていないか、指定数分をインベントリへ入れることができない場合、荷降ろしは行われません。\n\n積込み・厳格: 対象のインベントリから、フィルタバーに指定している数量を正確に取り出そうとします。インベントリに正確な量が無い、配達人が指定数分を持つことができない場合、積込みは行われません。\n\n荷降ろし・最少: フィルタバーで指定した最少数分を補うように、対象のインベントリへアイテムを降ろします。これは\"荷降ろし・指定数\"の設定と似ていますが、インベントリ内にある数が指定最少数以上である場合、荷降ろしを行いません。\n\n積込み・最少: フィルタバーで指定した最少数分を補うように、対象のインベントリからアイテムを取り出します。これは\"積込み・指定数\"と似ていますが、配達人の持っている量がこの指定最少数以上の場合は、アイテムの取り出しを行いません。"
        },
        {
            "content_type": "text",
            "text": "\n\n\n "
        },
        {
            "content_type": "item",
            "name": "ancientwarfarenpc:npc_spawner",
            "nbt": "{npcSubtype:\"\",npcType:\"trader\"}"
        },
        {
            "content_type": "heading",
            "text": "Trader",
            "level": 2
        },
        {
            "content_type": "text",
            "text": "\"交易人\"は、プレイヤーが設定することのできる、移動する交換所です。\n交易人のメインハンドにはカバンを持たせ、アイテムを保管できるようにしなければなりません。\n取り引きするアイテムや収益が、このカバンに収納されます。\n指示書スロットには交易指示書を持たせてください。\nそれを通して、交易の商品とその代金、交易人が扱う取り引き、交易のための経路、交易人が各停止地点にどのくらい留まるかを設定できます。\n夜間や雨天時には、交易人は指示書で指定されている経路に最も近い避難場所を探します。\n指示書を持っていない場合、彼らは配給品や夜間/雨天時に関し、初期設定のAIに沿って行動します。\nNPCのオーナーが交易人を右クリックすると、通常のGUIが開かれます。\n他のプレイヤーが見ているような交易人の取引画面を確認するには、オプションの\"Adv\"ボタンを使用します。"
        },
        {
            "content_type": "item",
            "name": "ancientwarfarenpc:trade_order"
        },
        {
            "content_type": "heading",
            "text": "Trade Orders",
            "level": 2
        },
        {
            "content_type": "text",
            "text": "\"交易指示書\"は、交易人NPCの取り引き、経路、そして商品再入荷オプションの設定に使用されます。\nこれまでの指示書と同様、指示書を手に持って\"Z\"キーを押すことによって、交易指示書の経路地点を追加することができます。\n再入荷を行う納入/取り出しのリストに地点を追加するには、それぞれ\"X\"キーと\"C\"キーを使用します。\nこれらの地点を細かく設定するには、右クリックでGUIを開きます。\nそのGUIの上部に、取引、経路、再入荷の、3つのタブがあります。\n\"取引\"タブでは、まず\"新規取引を追加\"をクリックします。\nそうすると2つの3x3のグリッドと、左から右に向けられた矢印が表示されます。\nこれらの隣に上へ、削除、下へのボタンがあり、これによって取引を行う場所の操作と削除を行います。\n取引の設定を行うには、売りたいものを右側、それと引き換えに得るものを左側のグリッドに配置します。\n\"経路\"タブに移動すると、追加された各地点を確認することができ、上、削除、下の各ボタンで順序の操作ができます。\nこれらのボタンの隣には、配給品のチェックボックスと、遅延時間の入力が行える部分があります。\n配給品チェックボックスでは、その地点に到着した最初に、配給品の取り出しを指示します。\nその後、設定されている再入荷の動作を行います。これは、リストの最初か最後の指示として使用されるべきです。\nそうして、交易人はもう一度その経路を開始するでしょう。\n遅延時間の入力エントリでは、交易人がその経路の地点に留まる秒数を設定できます。\n最後に、\"再入荷\"のタブがあります。このタブでは、交易で扱っている商品の引き出しと、その取引で得た収益を納めるための地点を設定します。\nこの設定で追加できる地点は１つだけで、必要に応じて面ごとの出し入れ設定を行えます。\nどちらかの設定にアイテムを追加するには、\"納入\"、\"引き出し\"のボタンをクリックし、表示されているフィルタースロットにアイテムを置きます。\nこのスロットの横には、あなたが行わせたい出し入れの種類が記載されています。アイテムフィルタを削除するためのボタンがその隣にあります。アイテムの追加をおこなうには、\"納入\"、\"引き出し\"のボタンで追加を行ってください。"
        },
        {
            "content_type": "item",
            "name": "ancientwarfarenpc:npc_spawner",
            "nbt": "{npcSubtype:\"\",npcType:\"priest\"}"
        },
        {
            "content_type": "heading",
            "text": "Priest",
            "level": 2
        },
        {
            "content_type": "text",
            "text": "\"司祭\"のNPCは、死亡したNPCの復活を行います。復活することができるのは、タウンホールの範囲内で死亡したNPCに限られています。復活したNPCは、装備していた品を落としたまま戻ってきます。回収や交換は、ご自身で行ってください。\n \n \n \n"
        },
        {
            "content_type": "text",
            "text": "\n "
        },
        {
            "content_type": "item",
            "name": "ancientwarfarenpc:npc_spawner",
            "nbt": "{npcSubtype:\"\",npcType:\"bard\"}"
        },
        {
            "content_type": "heading",
            "text": "Bard",
            "level": 2
        },
        {
            "content_type": "text",
            "text": "\"楽士\"は、演奏をするだけのフレーバー(雰囲気)専用のNPCです。\n再生される音楽、再生頻度、音量は、全て\"高度な制御\"のGUIから設定できます。\nこれらの制御は、そのNPCのインベントリ/インタラクションGUIの\"Advanced Controls\"を押すことで開けます。\n新しい曲を楽士のプレイリストに追加するには、\"楽曲\"のボタンをクリックしてください。\n記入用の空白エントリが、リストの下部に作成されます。演奏時間のボックスに、曲の長さ(分,10進数形式)を入力します。\n楽士は、Minecraftに読み込まれている全ての楽曲を再生できます。\n登録されている名前と再生時間を確認するには、外部ドキュメントを参照する必要があります。\n楽士は、プレイヤーが自身の範囲内に来たときにのみ演奏開始する設定を行えます。\n機能させるには、GUI上部にある\"プレイヤー接近時に再生\"のチェックボックスをオンにします。\n有効にすると、最初のプレイヤーが範囲に入ると1つづつ曲を再生します。\n1人目のプレイヤーが去っていない限り、2人目のプレイヤーが範囲に入っても再生は行われません。\n範囲内にいるプレイヤーが居なくなるまで、楽士は曲を演奏し続けます。\n曲の再生順序は、GUI上部にある\"ランダム\"のチェックボックスで、曲順をランダム化させることができます。\nGUI上部の遅延-最少、最大の設定は、各曲の再生前後にある、ランダムな一時停止の間隔を決定します。\nこの設定は、Minecraftのゲーム内Tick規準で指定できます。(1秒/20tick)"
        },
        {
            "content_type": "heading",
            "text": "NPC Experience, Leveling, and Miscellaneous",
            "level": 1
        },
        {
            "content_type": "text",
            "text": "全ての種類のNPCは、経験値とレベルの数値を保持しています。\nプレイヤーがオーナーとなっているNPCは、各役割ごとのレベル/経験値を持っています。\nレベルが高まると、ダメージ量,作業量,最大体力値の向上がもたらされます。\nNPCは、それぞれに適した行動をとることで、経験を積んでゆきます；\n\"労働者\"は働くことで、\"兵士\"などは敵を倒すことで、\"その他\"NPCはそれぞれの特定の役割を果たすことで経験値を得ます。\nNPCのレベルは、役割ごとに独立して記録されます。\n役割が変わると、NPCは作業効率などの計算に新しい役割のレベルを使用し、経験を得るとその役割にだけ加算が行われます。\nNPCのレベルは得た経験値によって決定されます。\n一定の経験を積んだ後、NPCは現在の役割におけるレベルが上昇します。(レベルごとに値が増加)\nNPCのレベル最大値は10になっています。\n(コンフィグファイルで設定可能)全てのNPCは、時間と共にゆっくりと自然回復してゆきます。\n回復の間隔は、コンフィグファイルで設定が可能です。"
        }
    ]
}