{
    "type": "manual_content",
    "lang": "ja_JP",
    "category": "research",
    "content": [
        {
            "content_type": "heading",
            "text": "研究の仕組み",
            "level": 1
        },
        {
            "content_type": "text",
            "text": "Ancient_Warfareには、研究を完了させつことで、関連するブロックやアイテムの取り扱いを解放させ、内容を徐々に掘り下げてゆく形式の研究システムが用意されています。\n研究の進捗は研究書に結びつけられ、研究書はプレイヤーに結びつけられています。"
        },
        {
            "content_type": "item",
            "name": "ancientwarfare:research_book"
        },
        {
            "content_type": "heading",
            "text": "AW-研究書",
            "level": 2
        },
        {
            "content_type": "text",
            "text": "AW-研究書\"を手に持って右クリックすると、プレイヤーに結びつけが行われ、本に研究者が設定されたことを示すメッセ―ジが表示されます。\nもう一度右クリックすると、研究書の内容を開きます。\n初期設定では、研究書には全ての研究項目のリストが表示されます。\n研究項目をクリックし、その研究を完了させることでロックの解除が行えます。\n左上隅にあるチェックボックスをクリックすることで、アイテムリストに切り替えることができます。アイテムリストには、Ancient Warfareにおける全てのアイテムが表示され、アイテムをクリックすると、それに必要なレシピと、研究項目が表示されます。\n研究書の複製は、別の本をクラフトすることで用意でき、それにはプレイヤーが完了させた全ての研究が含まれています。この研究書は、別のプレイヤーへ割り当てることができます。"
        },
        {
            "content_type": "item",
            "name": "ancientwarfare:research_station"
        },
        {
            "content_type": "heading",
            "text": "研究・開発作業台",
            "level": 2
        },
        {
            "content_type": "text",
            "text": "研究を開始するには、結びつけを行ったAW-研究書を\"研究・開発作業台\"の左上隅のスロットに配置します。\n本が配置されると、\"研究者・研究書がありません\"という部分が、本を所有するプレイヤーの名前に変わります。\nこのスロットの隣にある\"Infoを開く\"のボタンをクリックすると、AW-研究書を開くことができます。\n次に、本の右隣にある研究キューのボタンをクリックすると、キューに研究項目を追加できるメニューが表示されます。\nこのキューには好きなだけ研究を追加しておくことができます。\n研究を追加すると、その研究へたどり着けるよう、他の研究も開始されてゆきます。\n研究項目をキューに入れ終わったら、ESCキーを押して研究・開発作業台のメニューに戻り、キューの最初にある研究を完了させるのに必要なアイテムが、\"必要資源\"のグリッドに表示されます。\n入力グリッドに必要なアイテムを配置し、それぞれのアイテムが最低限の数集まっていると、直ちに研究が開始されます。 注: AWの研究素材の多くには鉱石辞書(OreDict)を使用しているため、開発作業台を開くたびに\"必要資源\"のグリッドに表示されるアイテムが変わる可能性があります。アイテムがその種類に一致する場合にのみ受け入れが行われることに注意してください。\n研究の進捗状況は緑色の進捗バーで表示されます。\nアイテムの配置は、\"必要資源\"のグリッドにある配置と全く同じにする必要はありません。\n下部インベントリのスペースは、単純に余分なアイテムを置いておくためのものですが、 \"資材引出し\"のチェックボックスをオンにすると、\"入力\"グリッドに向けて、チェストなどの隣接するインベントリの中にあるアイテムを、直接挿入することが可能になります。\n進捗状況バーのすぐ下にある2つのボタンは、隣接するインベントリの位置を決定するために使用します。\n左ボタンは東西南北と上下の変更に対応しており、研究・開発作業台に隣接するインベントリを認識させる方向を指示します。\n右のボタンは、特別な場合を除いてそのままにしておいてください。"
        },
        {
            "content_type": "item",
            "name": "ancientwarfare:engineering_station"
        },
        {
            "content_type": "heading",
            "text": "技術・工作作業台",
            "level": 2
        },
        {
            "content_type": "text",
            "text": "Ancient_Warfareにおける、研究システムによって解放されたアイテムやブロックは、作業台で作成することができません。\nそうした代わりに、\"技術・工作作業台\"が必要になってきます。\n研究書を研究・開発作業台から取り出すか、複製を用意して技術・工作作業台に入れます。これにより、研究で開放されたアイテムをここで作成することができます。\n技術・工作作業台のクラフトグリッドは、テンプレートのように機能し、このグリッドにアイテム/ブロックのレシピを追加するだけで済みます。\nこの作業台ブロックには小さなインベントリが用意されており、完成品のアイテムを出力スロットから取り出すタイミングで、このインベントリからアイテムを消費します。"
        }
    ]
}