{
    "type": "manual_content",
    "lang": "ja_JP",
    "category": "table_of_contents",
    "content": [
        {
            "content_type": "toc_list",
            "items": [
                {
                    "text": "Research",
                    "category_link": "research"
                },
                {
                    "text": "Torque",
                    "category_link": "torque"
                },
                {
                    "text": "Machines",
                    "category_link": "machines"
                },
                {
                    "text": "Warehouse",
                    "category_link": "warehouse"
                },
                {
                    "text": "NPCs",
                    "category_link": "npcs"
                },
                {
                    "text": "Tribes and Nations",
                    "category_link": "factions"
                },
                {
                    "text": "Structures",
                    "category_link": "structures"
                },
                {
                    "text": "Decoration Blocks",
                    "category_link": "decoration"
                },
                {
                    "text": "Vehicles",
                    "category_link": "vehicles"
                }
            ]
        }
    ]
}