{
    "type": "manual_content",
    "lang": "ja_JP",
    "category": "torque",
    "content": [
        {
            "content_type": "heading",
            "text": "トルクエネルギーの仕組み",
            "level": 1
        },
        {
            "content_type": "text",
            "text": "Ancient_Warfareには\"トルク\"と呼ばれる独自の動力システムがあり、Ancient_Warfareとして完全に独立した動力システムでありながら、RFとの互換性も持ち合わせています。 トルクは現実世界の物理学トルク原理と、それに伴う力に基づいています。これには摩擦による影響が考慮されており、全てのトルクタイルにおいては、トルクの損失が発生します。\nRFは10：1の比率でトルクに変換され、あたかもそれが本来の接続、そのままの入力と出力のように動作します。これはRFに対応しているどのMODでも機能するはずが、このためにはRedstoneFlux MOD自体が導入されている必要があり、RFを使うと書かれているMODは、外部の変換が無いと正しく機能しません。"
        },
        {
            "content_type": "text",
            "text": "\n\n "
        },
        {
            "content_type": "item",
            "name": "ancientwarfare:diamond_hammer",
            "data": 3
        },
        {
            "content_type": "heading",
            "text": "トルクの生成",
            "level": 2
        },
        {
            "content_type": "text",
            "text": "Ancient_Warfareにおける\"ハンマー\"のツールは、プレイヤーがトルクを生成したり、トルクタイルや機械などのブロックを回転させたり、武器として使うこともできます。\"Z\"キーでモードを切り替えることができ、左クリックで攻撃、特殊な操作を行うためには、右クリックを使用します。ハンマーにカーソルを合わせると、ツールチップが表示されます。\n \n \n \n \n"
        },
        {
            "content_type": "image",
            "path": "/images/Windmill1.jpg",
            "width": 756,
            "height": 425
        },
        {
            "content_type": "image",
            "path": "/images/Windmill2.jpg",
            "width": 756,
            "height": 425
        },
        {
            "content_type": "heading",
            "text": "風車",
            "level": 2
        },
        {
            "content_type": "text",
            "text": "\"風車\"は、トルクを生成するマルチブロックの構造体です。風車の制御装置と、風車の羽根からなっています。風車の羽根ブロックの大きさは、最少5x5から最大17x17の、いずれかの奇数サイズで、厚さは1ブロックになっています。羽根のブロックが正しく配置されると、実際の風車の羽根として表示されます。風車の制御装置は、羽根の中心軸のどちらかの側に配置します。制御装置が2つあっても利点はありません。1つの制御装置だけが動力を生成します。風車が大きいほど、より多くのトルクが出力されます。"
        },
        {
            "content_type": "image",
            "path": "/images/Waterwheel1.jpg",
            "width": 756,
            "height": 425
        },
        {
            "content_type": "heading",
            "text": "水車",
            "level": 2
        },
        {
            "content_type": "text",
            "text": "\"水車\"は、水車式発動機と流れる液体から構成されています。水車は水源の流れに合わせた向きに配置されている必要があります。正しくあると、表示されている水車が回転し始めます。水車が動作するには、発電機を中心として3x3ブロックの範囲が必要になります。"
        },
        {
            "content_type": "item",
            "name": "ancientwarfareautomation:stirling_generator"
        },
        {
            "content_type": "heading",
            "text": "スターリング動力機",
            "level": 2
        },
        {
            "content_type": "text",
            "text": "\"スターリング動力機\"は、燃料を燃やすことでトルクを生成し、燃焼が終わるまでの間に、1tick/1トルクを出力します。燃料として登録されているものなら何でも使用することができ、種類がどんなものであれ、それは一定の動力を生成します。燃焼時間は、バニラにおける燃焼時間に準じています(かまどなど)。MODによる燃料の燃焼時間は、それぞれのMODの側で設定されているものとなっています。"
        },
        {
            "content_type": "item",
            "name": "ancientwarfareautomation:hand_cranked_generator"
        },
        {
            "content_type": "heading",
            "text": "人力のトルク発生装置",
            "level": 2
        },
        {
            "content_type": "text",
            "text": "\"人力のトルク発生装置\"は、プレイヤー、またはNPCによる動作からトルクを生み出します。\"クラフト士と労働者のNPC\"は、この装置は作業場として認識し、プレイヤーは作業モードのハンマーで右クリックをすることで、そこから動力を生成します。"
        },
        {
            "content_type": "heading",
            "text": "トルクの受け渡しと保存",
            "level": 2
        },
        {
            "content_type": "text",
            "text": "Ancient_Warfareは、それぞれの動力装置からトルクを消費する機械装置、または動力を保存するブロックにトルク動力を伝達する手段を提供しています。ハンマーを使用してブロックを回転させることができ、一般的な原則として、消費場所から生成場所へ伝達システムを構築してゆきます。何も持っていない状態でトルクタイルを右クリックすると、内部のトルク量を確認することができます。そこでは、蓄えられている動力量、入力されてきている動力量、出力されていく動力量、そして摩擦によって失われる動力量が表されます。"
        },
        {
            "content_type": "item",
            "items": [
                {
                    "name": "ancientwarfareautomation:torque_shaft",
                    "data": 0
                },
                {
                    "name": "ancientwarfareautomation:torque_shaft",
                    "data": 1
                },
                {
                    "name": "ancientwarfareautomation:torque_shaft",
                    "data": 2
                }
            ]
        },
        {
            "content_type": "heading",
            "text": "トルクシャフト",
            "level": 2
        },
        {
            "content_type": "text",
            "text": "\"トルクシャフト\"は、トルク伝達のシステムの最も一般的な部分として機能します。入力側と出力側が1つづつあり、トルクの伝達は直線方向にしか行えません。トルク損失が最少であり、作成コストが安い、もっとも簡単な伝達ブロックです。"
        },
        {
            "content_type": "item",
            "items": [
                {
                    "name": "ancientwarfareautomation:torque_junction",
                    "data": 0
                },
                {
                    "name": "ancientwarfareautomation:torque_junction",
                    "data": 1
                },
                {
                    "name": "ancientwarfareautomation:torque_junction",
                    "data": 2
                }
            ]
        },
        {
            "content_type": "heading",
            "text": "トルク連結器",
            "level": 2
        },
        {
            "content_type": "text",
            "text": "\"トルク連結器(ｼﾞｬﾝｸｼｮﾝ)\"は、トルク伝達システムにおける回転や屈折をもたらします。5つの入力面と1つの出力面があり、動力の方向を曲げるだけでなく、複数方向からの動力を1つに集約させる機能も備えています。ブロックの面の中で色の違う箇所、端が囲まれたくらい正方形の部分が出力面です。正しく配置されると、連結器は隣接するシャフト、他の連結器、および分配器と接続されます。"
        },
        {
            "content_type": "text",
            "text": "\n\n "
        },
        {
            "content_type": "item",
            "items": [
                {
                    "name": "ancientwarfareautomation:torque_distributor",
                    "data": 0
                },
                {
                    "name": "ancientwarfareautomation:torque_distributor",
                    "data": 1
                },
                {
                    "name": "ancientwarfareautomation:torque_distributor",
                    "data": 2
                }
            ]
        },
        {
            "content_type": "heading",
            "text": "トルク分離器",
            "level": 2
        },
        {
            "content_type": "text",
            "text": "\"トルク分配器は\"、1つのトルクシャフトのラインを複数のラインに分割するために使用されます。入力面が1つと、5つの出力面があり、1つの動力を複数の方向へ分配することができます。"
        },
        {
            "content_type": "text",
            "text": "\n\n\n\n\n "
        },
        {
            "content_type": "image",
            "path": "/images/Flywheel_Storage1.jpg",
            "width": 756,
            "height": 425
        },
        {
            "content_type": "heading",
            "text": "フライホイール動力保存機",
            "level": 2
        },
        {
            "content_type": "text",
            "text": "\"フライホイール動力保存機\"は、一時的なトルク動力の保存設備として機能しますが、シャフト,連結器,分配器に比べて損失が大きく、主に中期的なエネルギー保存において使われますが、最終的には損失によって蓄えを使い果たしてしまいます。フライホイールは、\"フライホイール制御装置\"と、最低1つの\"フライホイール動力保存機\"で構成されるマルチブロック構造体です。制御装置は動力保存機ブロックの上に配置してください。高さ21ブロックまでの動力保存機を認識します。動力保存機は3x3で配置し、その上部中央に制御装置を配置したマルチブロック構造で機能させることもできます。正しい配置を行い、かつ制御装置ブロックに十分な動力があれば、フライホイールが回転し始めます。"
        },
        {
            "content_type": "heading",
            "text": "Tiers",
            "level": 2
        },
        {
            "content_type": "text",
            "text": "上記のトルク伝達ブロックと保存ブロックは、それぞれ3つの異なるTierに分かれています。Tierはそれぞれ、初歩(ﾗｲﾄ),改良(ﾐﾃﾞｨｱﾑ),重工業(ﾍﾋﾞｨ)に分かれており、それぞれは以前のものよりも効率性が向上しています。低いTierは、低いトルク伝達能力と高い損失を持ち、高いTierでは高いトルク伝達能力と低い損失を持ちます。"
        }
    ]
}