{
    "type": "manual_content",
    "lang": "ja_JP",
    "category": "warehouse",
    "content": [
        {
            "content_type": "heading",
            "text": "産業倉庫",
            "level": 1
        },
        {
            "content_type": "text",
            "text": "産業倉庫(Warehouse)は、アップグレードが可能な自動仕分け、自動整理が可能な、大容量のアイテム保管領域です。\n他の作業場と同様に作業範囲があり、その機能のためにもほかのブロックを必要とし、そうした点でのマルチブロック構造となっています。\n産業倉庫は4種類のブロックから構成されています；\n\"制御ブロック\"、\"保管庫ブロック\"、\"窓口ブロック\"、そして\"目録ブロック\"です。\nさらに、プレイヤーが産業倉庫の保管庫から直接アイテムを取り出してクラフトを行う\"産業倉庫のクラフト作業台\"と、AWシステムにおける生産を制御するための、ストックリンカーがあります。"
        },
        {
            "content_type": "text",
            "text": "\n\n\n "
        },
        {
            "content_type": "item",
            "name": "ancientwarfareautomation:warehouse_control"
        },
        {
            "content_type": "heading",
            "text": "制御ブロック",
            "level": 2
        },
        {
            "content_type": "text",
            "text": "\"産業倉庫の制御ブロック\"は、産業倉庫のマルチブロックシステムの中核として機能します。\n機械と同様、制御ブロックは倉庫の範囲を管理し、トルクを生成する装置、またはクラフト士NPCの、いずれかによる動力の入力口になっています。\n制御ブロック自体に保管機能は無く、保管庫ブロックを用意する必要があります。\n制御ブロックには出し入れを行うインベントリはありません。\nまた、自動でアイテム転送を行うための入出力口でもありません。それには\"窓口ブロック\"を使用します。\n制御ブロックには、倉庫における実際のインベントリはありませんが、倉庫(保管庫)内の全てのアイテムを表示したり、表示にアイテム名のフィルターを施したり、保管庫ブロックへのアイテムの出し入れを手動で行うなどのことができます。\nアップグレードが無い場合では、制御ブロックの初期範囲は5x5x4ブロックになっています。\nこれは機械類と同じく、範囲のアップグレードで拡張することができます。\n範囲は、制御ブロックのGUIの\"範囲\"ボタンから調整ができます。"
        },
        {
            "content_type": "item",
            "items": [
                {
                    "name": "ancientwarfareautomation:warehouse_storage",
                    "data": 0
                },
                {
                    "name": "ancientwarfareautomation:warehouse_storage",
                    "data": 1
                },
                {
                    "name": "ancientwarfareautomation:warehouse_storage",
                    "data": 2
                }
            ]
        },
        {
            "content_type": "heading",
            "text": "保管庫ブロックとそのTire",
            "level": 2
        },
        {
            "content_type": "text",
            "text": "\"産業倉庫の保管庫\"のブロックでは、収納容量の拡張を行うことができます。\n管理範囲内に配置、追加された保管庫ブロックごとに、産業倉庫の総容量が一定量増加します。\nTierの高い保管庫ブロックは、低いTierのブロックよりも多くの容量を追加します。\nこれらの保管庫ブロックには、実際にアイテムが格納されています。\n保管庫ブロックを破壊すると、そこに含まれているアイテムがワールドにドロップされ、産業倉庫で扱えなくなります。\nプレイヤーは保管庫ブロックのアイテム手動で出し入れすることができますが、格納されているアイテムは、産業倉庫の制御ブロックから管理することを想定しています。\nフィルタが設定されると、それに一致するアイテムのみが保管庫ブロックに配置されます。\n既に入れてあるアイテムはそのまま残ります。\nフィルタリストの空いている部分があれば、さらにそこへアイテムを設定できます。\n空のフィルタは、アイテムに一致することがありません。\n(したがって、空のフィルタ1つがある保管庫ブロックには、アイテムを入れることができません)\nこれら保管庫ブロックは、外部からアクセスできるインベントリを提供しません。\n自動化を行うためのやり取りは、産業倉庫の窓口ブロックを通さなければなりません。"
        },
        {
            "content_type": "item",
            "name": "ancientwarfareautomation:warehouse_interface"
        },
        {
            "content_type": "heading",
            "text": "窓口ブロック",
            "level": 2
        },
        {
            "content_type": "text",
            "text": "\"産業倉庫の窓口ブロック\"は、外部からの機能、および自動化機能によって、産業倉庫内のアイテムにアクセスする手段を提供します。\nこれらのブロックは配達人NPC、バニラのホッパー、またはブロック内のインベントリを操作する、何らかの追加要素などによって直接操作することが可能であり、つまりは外部からのアクセスが可能なインベントリを提供します。これらの窓口/インターフェースは倉庫の範囲内にある必要があり、窓口と保管庫の間のアイテム輸送を容易にするために、倉庫の制御ブロックに動力を供給する必要があります。\n窓口ブロックは産業倉庫の入力口、出力口の両方として機能し、全ての窓口ブロックは入出力の両方として使用できます。\n産業倉庫の窓口ブロックを開くと、フィルタの設定GUIを操作することができます。\nフィルタリストは、どのアイテムを自動で窓口に置くか、もしくは自動で取り出すかを設定できます。\nフィルタリスト内のアイテムは、定期的に指定された数量が、制御ブロックから窓口(外部に向けて)へ送り出されます。フィルタリストに含まれていないアイテムは、制御ブロックによって定期的に窓口ブロックから取り除かれます。"
        },
        {
            "content_type": "item",
            "name": "ancientwarfareautomation:warehouse_stock_linker"
        },
        {
            "content_type": "heading",
            "text": "ストックリンカー",
            "level": 2
        },
        {
            "content_type": "text",
            "text": "ストックリンカーは、産業倉庫と作業場機械との間でやり取りをするよう設計された、看板形式のブロックです。倉庫内にあるアイテムの数量に基づいて、機械の動作を停止させるように設定することができます。従って、産業倉庫とのリンクが必要になりますが、倉庫の管理範囲内にある必要はありません。\nこれを行うには、ストックリンカーを持ち、リンクさせたい産業倉庫の制御ブロックに向かってスニーク-右クリックをします。ストックリンカーに産業倉庫が設定されたことを示す通知と、座標が表示されます。これで、ストックリンカーを配置する準備が整いました。正しく機能させるには、ストックリンカーを機械のいずれかの面に配置します。スニークしながら置くと良いでしょう\n\n次に、配置したストックリンカーを右クリックしてGUIを開きます。内容は、窓口ブロックと似たものになっています。新しいフィルターを追加し、監視するアイテムを指定。また、等号と、比較値を設定してください。この機器は、リンクされた倉庫にあるアイテム(フィルターで指定したもの)をチェックし、その数量と比較値を等号で比較することで機能します。等値が満たされていると、ストックリンカーはレッドストーン信号の出力を行い、隣接している機械を停止させます。等値が満たされていない場合は、ストックリンカーは信号の出力を停止し、機械が動作可能な状態になります。ストックリンカー1つに、最大4つのフィルターを設定することができ、上のフィルターが優先順位の最高にあり、下のフィルターが優先順位の最低になります。"
        },
        {
            "content_type": "text",
            "text": "\n\n\n\n\n\n\n\n\n "
        },
        {
            "content_type": "image",
            "path": "/images/Stock_Linker_GUI1.jpg",
            "width": 757,
            "height": 238
        },
        {
            "content_type": "image",
            "path": "/images/Stock_Linker1.jpg",
            "width": 757,
            "height": 408
        },
        {
            "content_type": "text",
            "text": "\n\n\n "
        },
        {
            "content_type": "item",
            "name": "ancientwarfareautomation:warehouse_crafting"
        },
        {
            "content_type": "heading",
            "text": "クラフト作業台",
            "level": 2
        },
        {
            "content_type": "text",
            "text": "\"産業倉庫のクラフト作業台\"は、産業倉庫の制御ブロックの上側(境界内ではない)に配置する必要があり、産業倉庫内にあるアイテムを使用してクラフトが行えます。\n他のクラフト拠点と同様、レシピはグリッド上に配置しておくことができます。\n完成品は、完成品スロットから取り出せるでしょう。\nクラフトに必要な素材の全ては、産業倉庫の保管庫ブロックから消費されます。"
        },
        {
            "content_type": "item",
            "name": "ancientwarfareautomation:warehouse_stock_viewer"
        },
        {
            "content_type": "heading",
            "text": "目録掲示板",
            "level": 2
        },
        {
            "content_type": "text",
            "text": "\"目録掲示板\"は、産業倉庫内に保管されている特定のアイテムの数量を表示させることができます。\n産業倉庫の境界内、または境界内に置かれているブロックの側面に配置することができます。\n表示するアイテムを設定するリストがあります。\nこれらは、窓口ブロックのフィルタリストと同じように設定ができます。"
        }
    ]
}