{
    "name": "冷媒システム",
    "icon": "minecraft:water_bucket",
    "category": "bigreactors:misc",
    "read_by_default": true,
    "pages": [
        {
            "type": "text",
            "text": "$(l:reactor/active)アクティブクーリング方式$(/l)のﾘｱｸﾀｰ/ﾀｰﾋﾞﾝの構築というのは、冷媒をﾘｱｸﾀｰの熱で気化させて蒸気を生み出し、それによってﾀｰﾋﾞﾝﾛｰﾀｰを駆動させてｴﾈﾙｷﾞｰを生み出す、と$(br)いうものです。$(br2)$(bold)冷媒$()は、ﾘｱｸﾀｰにおいてそれが認識されると、入力ﾓｰﾄﾞの$(l:reactor/part-forgefluidport)液体ポート$(/l)を使ってﾘｱｸﾀｰの冷媒用液体ﾀﾝｸに送り込むことができる液体です。"
        },
        {
            "type": "text",
            "text": "$(bold)蒸気$()とは、冷媒がﾘｱｸﾀｰ内で気化したものであり、ﾘｱｸﾀｰからﾀｰﾋﾞﾝに向かって送り出され($(l:reactor/part-forgefluidport)液体ポート$(/l)を使用)、ﾀｰﾋﾞﾝﾛｰﾀｰを駆動させるために使われた後、熱を失って凝縮し、元の冷媒へ戻って再利用されます。$(br2)ﾘｱｸﾀｰとﾀｰﾋﾞﾝの中では、有効な冷媒と蒸気だけを使用できます。"
        },
        {
            "type": "text",
            "text": "ExtremeReactorsの初期設定では、有効な冷媒として水、またその結果生じる気体として蒸気が登録されています。$(br2)その他のMOD/Modpackにおいて独自の減速材を追加したり、既存の減速材の値を変更/削除することができます。"
        }

    ]
}