{
    "name": "動力システム",
    "icon": "minecraft:redstone_block",
    "category": "bigreactors:misc",
    "read_by_default": true,
    "pages": [
        {
            "type": "text",
            "text": "ExtremeReactorにおけるｴﾈﾙｷﾞｰ生成は設計上、現行のMinecaft世界に存在する特定の動力ｼｽﾃﾑに関連付けられていません。$(br2)ｴﾈﾙｷﾞｰは、内部ｴﾈﾙｷﾞｰﾊﾞｯﾌｧから取り出される時に出力ﾀｯﾌﾟにおいて生成され、なおかつその場で変換されます。"
        },
        {
            "type": "text",
            "text": "ﾘｱｸﾀｰ、またはﾀｰﾋﾞﾝに組み込まれた出力ﾀｯﾌﾟは、これらの装置における出力ｴﾈﾙｷﾞｰのｼｽﾃﾑを定義するものです。$(br2)現在、このMODには、$(l:reactor/part-forgepowertap)Forge Energyに対応した出力ﾀｯﾌﾟ$(/l)が付属されており、$(bold)Forge Energy単位$()での送出が行えます。$(br2)新しいﾀｲﾌﾟの出力ﾀｯﾌﾟを追加することで、他の動力ｼｽﾃﾑに対応させることができる、というわけです。"
        }

    ]
}