{
    "name": "エクストリームレンチ",
    "icon": "bigreactors:wrench",
    "category": "bigreactors:misc",
    "read_by_default": true,
    "pages": [
        {
            "type": "spotlight",
            "item": "bigreactors:wrench",
            "link_recipe": true,
            "title" : "エクストリームレンチ",
            "text": "エクストリームレンチは...えっと...、ﾚﾝﾁです。$(br2)ｱｸｾｽﾎﾟｰﾄや冷媒ﾎﾟｰﾄなどの、ﾊﾟｰﾂの入出力ﾓｰﾄﾞの変更に使用できます。"
        }
    ]
}
