{
  "title":"",
  "text": [
    {
      "text": "3x3から11x11までの任意の大きさ(x,z)、最低3から任意の高さ(y)で焼成かまどを構築することができます。 大きな構造であるほど、一度に精錬できるアイテムの数が増加します。 有効な構造体にするためには、床、天井、側面まわりのフレーム(枠)が必要です。 (天井や床周りのフレームは無くても構いません)"
    },
    {
      "text": "構造には、全ての種類の焼成ブロックと、焼成かまどの制御部1つを使用して構築することができます。 構造体の外側端に、燃料保持用として最低1つの焼成タンク(ゲージ等)が必要です。(画像を参照) 天井はハーフブロックや階段と置き換えることができますが、それ以外の部分は他と同じブロックを使用してください。",
	  "paragraph": true
    }
  ]
}