{
  "title":"",
  "text": [
    {
      "text": "溶解炉を使用する際は、発熱炉、または燃料用としての焼成タンク、いずれかの上部に配置します。 発熱炉は、融解処理としてはごく低い温度を提供するものであり、いくつかのレシピは焼成タンクを使用しなければ利用できないかもしれません。"
    },
    {
      "text": "流出口は溶解炉の側面に取り付けることで、鋳造台やブロック鋳造台に液体を注ぐことができます。 また、他のMODの液体パイプ等を使用し、溶解炉から液体を汲み出すことも可能です。",
      "paragraph": true
    }
  ]
}