{
    "name": "誘導コイル",
    "icon": "minecraft:gold_block",
    "category": "bigreactors:turbine",
    "read_by_default": true,
    "sortnum": 3,
    "pages": [
        {
            "type": "text",
            "text": "誘導コイルは通常、金属ﾌﾞﾛｯｸをそれとして使用します。ﾛｰﾀｰｼｬﾌﾄの周りに配置でき、その回転の力を受け取っている間、ﾛｰﾀｰに抵抗を与えて減速させながら、ｴﾈﾙｷﾞｰを生み出します。$(br)(電磁誘導)$(br2)特定のｺｲﾙは、他のｺｲﾙよりもﾛｰﾀｰの回転をｴﾈﾙｷﾞｰに変換する効率に優れていたり、素早くｴﾈﾙｷﾞｰを取り出すことができるようです。"
        },
        {
            "type": "text",
            "text": "通常、希少なﾌﾞﾛｯｸや作成ｺｽﾄの高いﾌﾞﾛｯｸは、一般的な安価なﾌﾞﾛｯｸよりも優れたｽﾃｰﾀｽ値を持っています。$(br2)ExtremeReactorsでは、ﾃﾞﾌｫﾙﾄにおける誘導コイルとしてﾊﾞﾆﾗやModのﾌﾞﾛｯｸを登録しており、そのｽﾃｰﾀｽ値が設定されています。$(br2)その他のMOD/Modpackにおいて独自のｺｲﾙを追加したり、既存のｺｲﾙの値を変更/削除することができます。"
        },
        {
            "type": "text",
            "text": "ﾀｰﾋﾞﾝ内のｼｬﾌﾄの周りには、誘導コイルとして有効なもののみを配置することができます。$(br2)無効なﾌﾞﾛｯｸは、ﾀｰﾋﾞﾝにおけるﾏﾙﾁﾌﾞﾛｯｸの形成を妨げます。"
        }
    ]
}