{
    "name": "内部の仕組み:タービン",
    "icon": "bigreactors:turbinebearing",
    "category": "bigreactors:turbine",
    "read_by_default": true,
    "sortnum": 1,
    "pages": [
        {
            "type": "text",
            "text": "タービンは、どのようにしてｴﾈﾙｷﾞｰを生成するのか？$(br)それは、$(l:turbine/rotor)ローター$(/l)を回転させることによって行われています。$(br)タービンの液体ﾀﾝｸに移されてきた蒸気は、$(l:turbine/part-controller)制御部$(/l)のGUIで設定された速度でもって、$(l:turbine/rotor)ローター$(/l)のあるﾁｬﾝﾊﾞｰ内に放出されます。蒸気は、$(l:turbine/part-rotorblade)ローターブレード$(/l)の羽根のそれぞれに少量づつが捉えられ、その連続によって$(l:turbine/rotor)ローター$(/l)の回転が実現します。"
        },
        {
            "type": "text",
            "text": "回転によって、$(l:turbine/coils)誘導コイル$(/l)への$(l:turbine/part-controller)作用$(/l)が発生します。そして$(l:turbine/rotor)ローター$(/l)の回転速度、全てのｺｲﾙﾌﾞﾛｯｸの効率値、抵抗量などのﾌﾟﾛﾊﾟﾃｨ値の平均に応じて、ｴﾈﾙｷﾞｰの生成が行われます。$(br2)$(italic)ここまでの内容で、最高のﾀｰﾋﾞﾝを実現させることには十分迫りつつあります。一方で、この説明はﾀｰﾋﾞﾝ内で実際に行われていることを、極めて単純化させた内容であることに注意してください。$()"
        }
    ]
}