{
    "name": "タービンのガラス材",
    "icon": "bigreactors:turbineglass",
    "category": "bigreactors:turbine-parts",
    "read_by_default": true,
    "sortnum": 2,
    "pages": [
        {
            "type": "spotlight",
            "item": "bigreactors:turbineglass",
            "link_recipe": true,
            "title" : "タービンのガラス材",
            "text": "ガラス材ﾌﾞﾛｯｸは$(l:turbine/part-casing)筐体ﾌﾞﾛｯｸ$(/l)の代りに使用できる装飾ﾌﾞﾛｯｸであり、ﾀｰﾋﾞﾝの内部を表示させることができます。"
        },
        {
            "type": "crafting",
            "recipe": "bigreactors:turbineglass_vanillaglass",
            "title": "タービン:ガラス材"
        },
        {
            "type": "part_usage",
            "text": "$(l)構築に必須:$() いいえ$(br)$(l)有効な配置位置:$() 全ての面に可能(辺部分以外)$(br)$(l)GUI:$() なし"
        }
    ]
}