{
    "name": "テスラパワー出力タップ:ﾀｰﾋﾞﾝ",
    "icon": "bigreactors:turbinepowertaptesla",
    "category": "bigreactors:turbine-parts",
    "read_by_default": true,
    "sortnum": 8,
    "pages": [
        {
            "type": "spotlight",
            "item": "bigreactors:turbinepowertaptesla",
            "link_recipe": true,
            "title" : "テスラパワー出力タップ:ﾀｰﾋﾞﾝ",
            "text": "テスラパワー出力タップを組み込むことで、ﾀｰﾋﾞﾝからｴﾈﾙｷﾞｰを取り出すことができます。$(br2)このﾀｯﾌﾟ部から出力されるのはﾃｽﾗ(TESLA)の$(l:misc/powersystem)動力システム$(/l)のものであり、これらの規格と互換性のあるﾊﾟｲﾌﾟ、または機械とのみ接続させることができます。"
        },
        {
            "type": "text",
            "text": "構築する際に組み込める出力ﾀｯﾌﾟの種類は、1基のﾀｰﾋﾞﾝにつき1種類となっています。"
        },
        {
            "type": "crafting",
            "recipe": "bigreactors:turbinepowertaptesla",
            "title": "タービン:ﾃｽﾗﾊﾟﾜｰ出力ﾀｯﾌﾟ"
        },
        {
            "type": "part_usage",
            "text": "$(l)構築に必須:$() いいえ$(br)$(l)有効な配置位置:$() 全ての面に可能(辺部分以外)$(br)$(l)GUI:$() なし$(br)$(l)動力システム:$() Tesla"
        }
    ]
}