{
    "name": "タービン制御部",
    "icon": "bigreactors:turbinecontroller",
    "category": "bigreactors:turbine-parts",
    "read_by_default": true,
    "sortnum": 3,
    "pages": [
        {
            "type": "spotlight",
            "item": "bigreactors:turbinecontroller",
            "link_recipe": true,
            "title" : "タービン制御部",
            "text": "制御部は、ﾀｰﾋﾞﾝにおけるﾒｲﾝｲﾝﾀｰﾌｪｰｽです。$(br2)制御部を右ｸﾘｯｸしてGUIを開き、そこからﾀｰﾋﾞﾝのOn/Offを切り替えたり、内部ﾀﾝｸに存在する蒸気と冷媒の量、$(l:turbine/rotor)ローター$(/l)の回転速度、生成されているｴﾈﾙｷﾞｰ量を確認することができます。"
        },
        {
            "type": "text",
            "text": "さらには$(l:turbine/rotor)ローター$(/l)を回す蒸気の流量や、元の冷媒に戻された蒸気の処理調整、$(l:turbine/coils)誘導コイル$(/l)への接続のOn/Offを切り替えることができます。"
        },
        {
            "type": "crafting",
            "recipe2": "bigreactors:turbinecontroller",
            "title": "タービン:制御部"
        },
        {
            "type": "part_usage",
            "text": "$(l)構築に必須:$() 最低1つ必要$(br)$(l)有効な配置位置:$() 全ての面に可能(辺部分以外)$(br)$(l)GUI:$() あり"
        }
    ]
}