{
    "name": "タービン筐体",
    "icon": "bigreactors:turbinehousing",
    "category": "bigreactors:turbine-parts",
    "read_by_default": true,
    "sortnum": 1,
    "pages": [
        {
            "type": "spotlight",
            "item": "bigreactors:turbinehousing",
            "link_recipe": true,
            "title" : "タービン筐体",
            "text": "筐体ﾌﾞﾛｯｸは、ﾀｰﾋﾞﾝの構成ﾊﾟｰﾂです。$(br2)ﾀｰﾋﾞﾝのﾌﾚｰﾑ(辺部分)を形成し、$(l:turbine/rotor)ローター$(/l)の端を支えるために必要な部材であり、他のﾊﾟｰﾂを作成する素材としても使われます。$(br)ｶﾞﾗｽの見た目を好まない場合は、ﾀｰﾋﾞﾝの面部分の全てを筐体ﾌﾞﾛｯｸで埋めることもできます。"
        },
        {
            "type": "crafting",
            "recipe2": "bigreactors:turbinehousing",
            "title": "タービン:筐体",
            "text": "これらを大量に作ることになるでしょう。"
        },
        {
            "type": "part_usage",
            "text": "$(l)構築に必須:$() ﾌﾚｰﾑ(辺部分)と$(l:turbine/rotor)ローター$(/l)を構築するために必要$(br)$(l)有効な位置:$() どこにでも$(br)$(l)GUI:$() なし"
        }
    ]
}