{
    "name": "ローターベアリング部",
    "icon": "bigreactors:turbinebearing",
    "category": "bigreactors:turbine-parts",
    "read_by_default": true,
    "sortnum": 4,
    "pages": [
        {
            "type": "spotlight",
            "item": "bigreactors:turbinebearing",
            "link_recipe": true,
            "title" : "ローターベアリング部",
            "text": "ベアリング部(軸受け)は、ﾀｰﾋﾞﾝの$(l:turbine/rotor)ローター$(/l)における組み立ての基盤にあたります。$(br2)通常はﾀｰﾋﾞﾝ面の1つ、その中央に配置し、後にいくつかの$(l:turbine/part-rotorshaft)ローターシャフト$(/l)ﾌﾞﾛｯｸを配置してゆきます。"
        },
        {
            "type": "crafting",
            "recipe": "bigreactors:turbinebearing",
            "title": "タービン:ﾛｰﾀｰﾍﾞｱﾘﾝｸﾞ部"
        },
        {
            "type": "part_usage",
            "text": "$(l)構築に必須:$() 1つだけ必要$(br)$(l)有効な配置位置:$() 全ての面に可能(辺部分以外)$(br)$(l)GUI:$() なし"
        }
    ]
}