{
    "name": "コンピューターポート:ﾀｰﾋﾞﾝ",
    "icon": "bigreactors:turbinecomputerport",
    "category": "bigreactors:turbine-parts",
    "read_by_default": true,
    "sortnum": 9,
    "pages": [
        {
            "type": "spotlight",
            "item": "bigreactors:turbinecomputerport",
            "link_recipe": true,
            "title" : "コンピューターポート:ﾀｰﾋﾞﾝ",
            "text": "コンピューターポートを使用すれば、ﾀｰﾋﾞﾝにおける複雑な自動化ﾀｽｸをｺﾝﾋﾟｭｰﾀｰで処理することが可能です。$(br2)接続されるｺﾝﾋﾟｭｰﾀｰに向けた、標準のﾒｿｯﾄﾞｾｯﾄが公開されています。それらを使用してﾀｰﾋﾞﾝのｽﾃｰﾀｽを照会し、動作を制御することができます。"
        },
        {
            "type": "text",
            "text": "ｺﾝﾋﾟｭｰﾀｰﾎﾟｰﾄを使用するには、ｹﾞｰﾑ上にﾌﾟﾛｸﾞﾗﾐﾝｸﾞが可能なｺﾝﾋﾟｭｰﾀｰを追加させる、外部のMODが必要です。"
        },
        {
            "type": "crafting",
            "recipe2": "bigreactors:turbinecomputerport",
            "title": "タービン:コンピューターポート"
        },
        {
            "type": "part_usage",
            "text": "$(l)構築に必須:$() いいえ$(br)$(l)有効な配置位置:$() 全ての面に可能(辺部分以外)$(br)$(l)GUI:$() なし"
        }
    ]
}