{
    "name": "液体ポート",
    "icon": "bigreactors:turbinefluidport",
    "category": "bigreactors:turbine-parts",
    "read_by_default": true,
    "sortnum": 7,
    "pages": [
        {
            "type": "spotlight",
            "item": "bigreactors:turbinefluidport",
            "link_recipe": true,
            "title" : "液体ポート",
            "text": "液体ポートを使用することで、ﾀｰﾋﾞﾝへ液体送り込む、$(br)または取り出すことが行えるようになります。$(br2)このﾎﾟｰﾄはﾊﾞﾆﾗにおける液体の受け入れ、放出を行いますが、それらが有効な$(l:misc/coolantsystem)冷媒、または蒸気$(/l)である場合に限ります。"
        },
        {
            "type": "crafting",
            "recipe2": "bigreactors:turbinefluidport",
            "title": "タービン:液体ポート",
            "text": "$(l:misc/wrench)レンチ$(/l)を使用して、ﾎﾟｰﾄの入力/出力ﾓｰﾄﾞを切り替えることができます。"
        },
        {
            "type": "part_usage",
            "text": "$(l)構築に必須:$() いいえ$(br)$(l)有効な配置位置:$() 全ての面に可能(辺部分以外)$(br)$(l)GUI:$() なし$(br)$(l)レンチ:$() $(l:misc/wrench)レンチ$(/l)を使用して、ﾎﾟｰﾄの切り替えが行える"
        }
    ]
}