{
    "name": "ローターブレード",
    "icon": "bigreactors:turbinerotorblade",
    "category": "bigreactors:turbine-parts",
    "read_by_default": true,
    "sortnum": 6,
    "pages": [
        {
            "type": "spotlight",
            "item": "bigreactors:turbinerotorblade",
            "link_recipe": true,
            "title" : "ローターブレード",
            "text": "ブレード(羽根)は、ﾀｰﾋﾞﾝの$(l:turbine/rotor)ローター$(/l)における最後のﾊﾟｰﾂです。$(br2)$(l:turbine/part-rotorshaft)シャフト$(/l)のﾌﾞﾛｯｸに対して垂直に配置する、またはそうして既に配置されているﾌﾞﾚｰﾄﾞの先にさらに配置し、根本となるｼｬﾌﾄ部分から延長させてゆくことができます。"
        },
        {
            "type": "crafting",
            "recipe": "bigreactors:turbinerotorblade",
            "title": "タービン:ローターブレード"
        },
        {
            "type": "part_usage",
            "text": "$(l)構築に必須:$() 必要$(br)$(l)有効な配置位置:$() ﾀｰﾋﾞﾝの内部, ｼｬﾌﾄ、または別のﾌﾞﾚｰﾄﾞに繋げる$(br)$(l)GUI:$() なし"
        }
    ]
}