{
    "name": "クリエイティブ蒸気生成器",
    "icon": "bigreactors:turbinecreativesteamgenerator",
    "category": "bigreactors:turbine-parts",
    "read_by_default": true,
    "sortnum": 10,
    "pages": [
        {
            "type": "spotlight",
            "item": "bigreactors:turbinecreativesteamgenerator",
            "link_recipe": true,
            "title" : "蒸気生成器",
            "text": "ﾀｰﾋﾞﾝへ一定の蒸気を供給する機能を持ったﾌﾞﾛｯｸであり、ｸﾘｴｲﾃｨﾌﾞﾓｰﾄﾞ限定のﾊﾟｰﾂとなっています。"
        },
        {
            "type": "part_usage",
            "text": "$(l)構築に必須:$() いいえ$(br)$(l)有効な配置位置:$() 全ての面に可能(辺部分以外)$(br)$(l)GUI:$() なし$(br)$(l)ｸﾘｴｲﾃｨﾌﾞﾓｰﾄﾞ:$() このﾊﾟｰﾂはｸﾘｴｲﾃｨﾌﾞﾓｰﾄﾞでのみ利用可能であり、そのためｸﾗﾌﾄﾚｼﾋﾟはありません。"
        }
    ]
}