{
    "name": "ローターシャフト",
    "icon": "bigreactors:turbinerotorshaft",
    "category": "bigreactors:turbine-parts",
    "read_by_default": true,
    "sortnum": 5,
    "pages": [
        {
            "type": "spotlight",
            "item": "bigreactors:turbinerotorshaft",
            "link_recipe": true,
            "title" : "ローターシャフト",
            "text": "シャフト(回転軸)は、ﾀｰﾋﾞﾝの$(l:turbine/rotor)ローター$(/l)における主要ﾊﾟｰﾂです。$(br2)ﾀｰﾋﾞﾝ内におけるｼｬﾌﾄﾌﾞﾛｯｸは$(br)$(l:turbine/part-rotorbearing)ﾍﾞｱﾘﾝｸﾞ部$(/l)から始まり、反対面の$(l:turbine/part-casing)筐体ﾌﾞﾛｯｸ$(/l)まで、一列に連結させて配置しなければなりません。"
        },
        {
            "type": "crafting",
            "recipe": "bigreactors:turbinerotorshaft",
            "title": "タービン:ローターシャフト"
        },
        {
            "type": "part_usage",
            "text": "$(l)構築に必須:$() 必要$(br)$(l)有効な配置位置:$() ﾀｰﾋﾞﾝの内部$(br)$(l)GUI:$() なし"
        }
    ]
}