{
    "name": "ローター",
    "icon": "bigreactors:turbinerotorshaft",
    "category": "bigreactors:turbine",
    "read_by_default": true,
    "sortnum": 2,
    "pages": [
        {
            "type": "text",
            "text": "ローター(回転体)はタービン(原動機)におけるもっとも重要な部位であり、その設計は、ﾀｰﾋﾞﾝにおける$(l:turbine/innerworking)ｴﾈﾙｷﾞｰ生産$(/l)に直接的な影響を与えます。$(br2)ﾛｰﾀｰは、以下の4種類のﾌﾞﾛｯｸで構築されます:$(li)$(l:turbine/part-rotorbearing)ローターベアリング$(/l)-1つ$(li)$(l:turbine/part-rotorshaft)ローターシャフト$(/l)-複数$(li)$(l:turbine/part-rotorblade)ローターブレード$(/l)-複数$(li)$(l:turbine/part-casing)筐体ﾌﾞﾛｯｸ$(/l)-1つ"
        },
        {
            "type": "multiblock",
            "multiblock": {
                "mapping": {
                    "0": "bigreactors:turbinebearing",
                    "S": "bigreactors:turbinerotorshaft[state=Y_NOBLADES]",
                    "A": "bigreactors:turbinerotorshaft[state=Y_XZ]",
                    "B": "bigreactors:turbinerotorshaft[state=Y_Z]",
                    "C": "bigreactors:turbinerotorshaft[state=Y_X]",
                    "1": "bigreactors:turbinerotorblade[state=Y_X_NEG]",
                    "3": "bigreactors:turbinerotorblade[state=Y_X_POS]",
                    "2": "bigreactors:turbinerotorblade[state=Y_Z_NEG]",
                    "4": "bigreactors:turbinerotorblade[state=Y_Z_POS]",
                    "X": "bigreactors:turbinehousing"
                },
                "pattern": [

                    [
                        "       ",
                        "       ",
                        "       ",
                        "   X   ",
                        "       ",
                        "       ",
                        "       "
                    ],
                    [
                        "       ",
                        "       ",
                        "       ",
                        "   S   ",
                        "       ",
                        "       ",
                        "       "
                    ],
                    [
                        "       ",
                        "       ",
                        "   1   ",
                        "  2A4  ",
                        "   3   ",
                        "       ",
                        "       "
                    ],
                    [
                        "       ",
                        "   1   ",
                        "   1   ",
                        " 22A44 ",
                        "   3   ",
                        "   3   ",
                        "       "
                    ],
                    [
                        "   1   ",
                        "   1   ",
                        "   1   ",
                        "   C   ",
                        "   3   ",
                        "   3   ",
                        "   3   "
                    ],
                    [
                        "       ",
                        "       ",
                        "       ",
                        "222B444",
                        "       ",
                        "       ",
                        "       "
                    ],
                    [
                        "   1   ",
                        "   1   ",
                        "   1   ",
                        "222A444",
                        "   3   ",
                        "   3   ",
                        "   3   "
                    ],
                    [
                        "       ",
                        "       ",
                        "       ",
                        "   S   ",
                        "       ",
                        "       ",
                        "       "
                    ],
                    [
                        "       ",
                        "       ",
                        "       ",
                        "   0   ",
                        "       ",
                        "       ",
                        "       "
                    ]
                ]
            }
        },
        {
            "type": "text",
            "text": "$(bold)ローターの構築$()$(br2)ﾛｰﾀｰは、ﾀｰﾋﾞﾝ全体における3つの軸(x,y,z)のいずれかに沿って組み立てることができます。$(br2)ﾛｰﾀｰ構築における最初のﾌﾞﾛｯｸは、ﾀｰﾋﾞﾝの片側の面(通常はその中央)に配置する$(l:turbine/part-rotorbearing)ローターベアリング$(/l)です。$(br2)ﾍﾞｱﾘﾝｸﾞから続けて、ﾀｰﾋﾞﾝの反対側の面の$(l:turbine/part-casing)筐体ﾌﾞﾛｯｸ$(/l)にまで達するよう、$(l:turbine/part-rotorshaft)ローターシャフト$(/l)を繋げて配置します。"
        },
        {
            "type": "text",
            "text": "シャフトが完成したら、次にブレードを配置してゆきます。$(br)並べられたｼｬﾌﾄの1つを中心として十字方向にﾌﾞﾚｰﾄﾞを配置でき、またそれらのﾌﾞﾚｰﾄﾞの先からさらに延長させることができます。$(br)ﾛｰﾀｰには、任意の組み合わせによるﾌﾞﾚｰﾄﾞを好きなだけ組み込むことができます。$(br2)ただし、ﾌﾞﾚｰﾄﾞの数と蒸気量の配分は、稼働するﾛｰﾀｰの速度に直結するということに注意しましょう。"
        },
        {
            "type": "text",
            "text": "$(bold)ﾌﾞﾚｰﾄﾞはいくつにすればいいのか？$()$(br2)各ﾌﾞﾚｰﾄﾞは25mbの最大蒸気容量を持っており、これは、ﾛｰﾀｰが回転するためにﾌﾞﾚｰﾄﾞが受け止め、$(italic)動力に変える$()ことのできる蒸気の最大量です。$(br2)この値を使用して、ﾀｰﾋﾞﾝへの蒸気の流量に対しそれらを処理するために必要なﾌﾞﾚｰﾄﾞの数を計算できます。$(br)(流量は、ﾀｰﾋﾞﾝ制御部のGUIで設定可能)"
        },
        {
            "type": "text",
            "text": "$(bold)誘導コイル$()$(br2)実際にｴﾈﾙｷﾞｰを生成するためには、ﾛｰﾀｰの端(終端となる$(l:turbine/part-casing)筐体ﾌﾞﾛｯｸ$(/l)のそば)に、いくつかの$(l:turbine/coils)誘導コイル$(/l)を配置しなければなりません。$(br2)$(italic)また、それらは、$(l:turbine/part-controller)タービン制御部$(/l)のGUIに認識されていなければなりません!$()$(br2)ﾀｰﾋﾞﾝ内には3つまでのｺｲﾙﾘﾝｸﾞを配置でき、各ﾘﾝｸﾞは最大で8つのｺｲﾙﾌﾞﾛｯｸで構成されています。"
        },
        {
            "type": "text",
            "text": "ｺｲﾙはその種類を混合させることができ、ﾀｰﾋﾞﾝではそれらのﾌﾟﾛﾊﾟﾃｨ値の平均を読み取ります。$(br2)これにより、希少で高価なｺｲﾙが揃うのを待つのではなく、簡単に入手できる安価なｺｲﾙから徐々に交換してゆくことができます。$(br2)次のﾍﾟｰｼﾞでは、前に示したﾛｰﾀｰの例に$(l:turbine/coils)誘導コイル$(/l)を追加したものが提示されています。"
        },

        {
            "type": "multiblock",
            "multiblock": {
                "mapping": {
                    "0": "bigreactors:turbinebearing",
                    "S": "bigreactors:turbinerotorshaft[state=Y_NOBLADES]",
                    "A": "bigreactors:turbinerotorshaft[state=Y_XZ]",
                    "B": "bigreactors:turbinerotorshaft[state=Y_Z]",
                    "C": "bigreactors:turbinerotorshaft[state=Y_X]",
                    "1": "bigreactors:turbinerotorblade[state=Y_X_NEG]",
                    "3": "bigreactors:turbinerotorblade[state=Y_X_POS]",
                    "2": "bigreactors:turbinerotorblade[state=Y_Z_NEG]",
                    "4": "bigreactors:turbinerotorblade[state=Y_Z_POS]",
                    "X": "bigreactors:turbinehousing",
                    "I": "minecraft:iron_block",
                    "G": "minecraft:gold_block"
                },
                "pattern": [

                    [
                        "       ",
                        "       ",
                        "       ",
                        "   X   ",
                        "       ",
                        "       ",
                        "       "
                    ],
                    [
                        "       ",
                        "       ",
                        "  IGG  ",
                        "  GSI  ",
                        "  GII  ",
                        "       ",
                        "       "
                    ],
                    [
                        "       ",
                        "       ",
                        "   1   ",
                        "  2A4  ",
                        "   3   ",
                        "       ",
                        "       "
                    ],
                    [
                        "       ",
                        "   1   ",
                        "   1   ",
                        " 22A44 ",
                        "   3   ",
                        "   3   ",
                        "       "
                    ],
                    [
                        "   1   ",
                        "   1   ",
                        "   1   ",
                        "   C   ",
                        "   3   ",
                        "   3   ",
                        "   3   "
                    ],
                    [
                        "       ",
                        "       ",
                        "       ",
                        "222B444",
                        "       ",
                        "       ",
                        "       "
                    ],
                    [
                        "   1   ",
                        "   1   ",
                        "   1   ",
                        "222A444",
                        "   3   ",
                        "   3   ",
                        "   3   "
                    ],
                    [
                        "       ",
                        "       ",
                        "       ",
                        "   S   ",
                        "       ",
                        "       ",
                        "       "
                    ],
                    [
                        "       ",
                        "       ",
                        "       ",
                        "   0   ",
                        "       ",
                        "       ",
                        "       "
                    ]
                ]
            }
        }
    ]
}