{
	"title": "グラフター",
	"icon": {
		"item": "forestry:grafter"
	},
	"content": [
		[
			{
				"type": "crafting",
				"locations": [
					"forestry:grafter"
				]
			},
			{
				"text": "受粉した葉を散らしても 何も出ないことにうんざりしていませんか？ 育種に勤しむあなたの努力は、苗木の不足によって妨げられていませんか？ 絶望してはいけません！ Forestry(株)はこのグラフターをご紹介いたします！"
			}
		],
		[
			{
				"text": "私共の特許によるこの接ぎ木用ツールは、葉に対して使うことで苗木のドロップ率を目に見えて増大させます。 時間を費やして受粉させた葉から苗木が全くでなかった...。 これに勝る不満は無く、 解消されねばなりません！ グラフターを使えば、 苗木を取り出せることはほぼ保証されたものです。 頑丈なこのツールは、あなたの作業時間節約に寄与することでしょう。"
			}
		],
		[
			{
				"text": "プローブングラフター",
				"underlined": true
			},
			{
				"text": "\n"
			},
			{
				"paragraph": true,
				"text": "ブロンズ製のものよりも強力なこのグラフターは、 村人との取引でのみ入手することができます。"
			}
		]
	]
}