{
	"title": "前書き：林業",
	"icon": {
		"item": "book"
	},
	"content": [
		[
			{
				"text": "幾世代にも渡り、林業者達はMinecraftの樹種の多様性が著しく不足していることに疑問を呈してきました。"
			},
			{
				"text": "学者たちの共通の見解は、遥か昔、ある種の寄生虫によってもっとも丈夫な樹木以外の全てが駆逐されてしまったということです。"
			},
			{
				"paragraph": true,
				"text": "しかしながら、建築家達の要望と、養蜂家らによる交配の成功をきっかけに、林業者も木々の交配へ着手し始めました。"
			}
		],
		[
			{
				"paragraph": true,
				"text": "初動の努力が後の大成へ繋がることは推して知るべしであり、本書では初級の林業者ら(forester)のために、知られている基礎知識の提示を行います。"
			}
		]
	]
}