{
	"title": "受粉",
	"icon":{
		"item": "forestry:pollen",
		"nbt": "{Genome:{Chromosomes:[{UID1:\"forestry.treeEbony\",UID0:\"forestry..treeEbony\",Slot:0b}]}}"
	},
	"content": [
		[
			{
				"text": "樹木の交配がどのように行われているかに関し、 未経験の方は多くの誤解を持っています。 鳥や蜂のおかげ？という一般的な認識が多くの人を惑わせており、それは部分的な間違いを含んでいます。 鳥で木を交配させることはできません！ けれど、ほぼ全ての蜂が異なる樹種同士の間で受粉を行っているという事実は、うれしい情報かもしれません。"
			}
		],
		[
			{
				"text": "経験豊富な林業者たちは、木の交配に適したruraやindustriousのようなハイエンドな蜂、またはその目的に合わせた専用の蜂の育成を勧めるかもしれませんが、初めての方にはもっともありふれた種の蜂であっても近くの木同士の受粉には十分であるということを知っておいてもらいましょう。"
			},
			{
				"paragraph": true,
				"text": "原理自体はいたって単純： 異なる種同士の木の近くに養蜂場を設営し、女王蜂を住まわせ、活動を維持させます。"
			}
		],
		[
			{
				"text": "しばらくすると... (蜂の性質と周辺森林の密度に応じて) 葉の色が変化を見せ始めます。 これらの葉は異なる遺伝子構成を持つ別の木によって受粉されたのです。 あとはその葉を散らし、 新しい苗木がドロップすることを祈ってください。"
			}
		]
	]
}