{
	"title": "木の突然変異",
	"icon":{
			"item": "forestry:sapling",
			"nbt": "{Genome:{Chromosomes:[{UID1:\"forestry.treeTeak\",UID0:\"forestry..treeTeak\",Slot:0b}]}}"
	},
	"content": [
		[
			{
				"text": "有効な虫が近くにいる時、木の別種同士の受粉の交わりは自然に発生します。 蜂が花粉を別の木に運ぶことはよく知られており、葉の上で休む蝶もまた、木々の花粉を運んで周ります。"
			},
			{
				"paragraph": true,
				"text": "2種類の木を互いに蜂のコロニーの活動範囲内に含めることによりそれらの交配がなされ、そしてそれが子孫への突然変異をもたらすことがあるのです。"
			}
		]
	]
}