{
  "tool": "arrow",
  "text": [
    {
      "text": "矢は弓から発射する投射物です。 作成した矢には弾数が設定されており、 撃った矢の回収もできます。"
    },
    {
      "text": "\n"
    },
    {
      "text": "与えられるダメージは矢だけでなく、 弓自体の性能も影響しています。 様々な素材を用いることで、多様なふるまい をもたらします。"
    }
  ],
  "properties": [
    "弓の矢弾",
    "回収可能",
    "1つで複数回発射できます"
  ]
}