{
  "tool": "battlesign",
  "text": [
    {
      "text": "看板(バトルサイン)はゾンビピッグマンに 匹敵する、先進的なウェポンテクノロジー です。盾の機能を兼ね備えた防御兵器となっています。"
    },
    {
      "text": "\n"
    },
    {
      "text": "防御(ブロッキング)は受けるダメージを減少させながら、そのダメージの一部分を反射し、また投射物を跳ね返します。"
    }
  ],
  "properties": [
    "防御的な武器",
    "攻撃力は低め",
    "盾として使用可能",
    "ブロッキングで 投射物を反射"
  ]
}