{
  "tool": "bolt",
  "text": [
    {
      "text": "装甲を貫通する重たい投射物です。 クロスボウに装填することができ、対象の防御力の半分を無視して大ダメージを与えることができます。"
    },
    {
      "text": "\n"
    },
    {
      "text": "与えられるダメージはボルトだけでなく、 クロスボウ自体の性能も影響しています。 別ページで作成方法を解説しています。"
    }
  ],
  "properties": [
    "クロスボウの弾",
    "防御力50%貫通",
    "回収可能",
    "1つで複数回発射できます"
  ]
}