{
  "tool": "broadsword",
  "text": [
    {
      "text": "ブロードソードは汎用的な武器です。 平均的な攻撃力を持ち、敵を薙ぎ払い、 ノックバックさせることができます。"
    },
    {
      "text": "\n"
    },
    {
      "text": "オフハンドで使用できる他の武器、ツール と共に扱うことができます。"
    }
  ],
  "properties": [
    "中程度のダメージ",
    "薙ぎ払い攻撃",
    "オフハンド使用可能"
  ]
}