{
  "tool": "cleaver",
  "text": [
    {
      "text": "クリーバーは攻撃的な重量武器です。 絶大な攻撃力を誇りますが動作は遅く、 両手での扱いが必須になっています。"
    },
    {
      "text": "\n"
    },
    {
      "text": "敵を倒した際に頭を切り落とすことがあり ます。 首置いてけ！"
    }
  ],
  "properties": [
    "ﾂｰﾙﾌｫｰｼﾞが必要",
    "攻撃的な武器",
    "高威力だが、遅い",
    "首狩り II",
    "両手で扱うため、 オフハンド無効"
  ]
}