{
  "tool": "crossbow",
  "text": [
    {
      "text": "クロスボウは強力な遠距離武器であり、 事前の装填が必要となっています。 弾であるボルトは敵の防御力の一部を貫通して大ダメージを与えます。クロスボウの性能は追加ダメージなどをもたらします。"
    },
    {
      "text": "装填できるのは1発のみで、それなりの時間を要します。あとは発射するだけです。"
    }
  ],
  "properties": [
    "ﾂｰﾙﾌｫｰｼﾞが必要",
    "専用のボルトを使用",
    "防御力を一部貫通",
    "発射の前に装填"
  ]
}