{
  "tool": "frypan",
  "text": [
    {
      "text": "フライパンは重量武器であり、その大質量でもって敵を討ちます。 攻撃は常にノックバック効果を持ちます。"
    },
    {
      "text": "\n"
    },
    {
      "text": "右クリックで強力な打撃を繰り出すことができ、溜め時間に応じてダメージやノックバック効果にボーナスが与えられ、ドロップ品が調理されます。"
    }
  ],
  "properties": [
    "中程度のダメージ",
    "ノックバック効果",
    "右ｸﾘｯｸ：溜め攻撃",
    "溜め攻撃でドロップ品を調理",
    "オフハンド無効"
  ]
}