{
  "tool": "hammer",
  "text": [
    {
      "text": "ハンマーは広い範囲を採掘することのできるマイニングツールです。 また、アンデッドに対しても効果的です。"
    },
    {
      "text": "\n"
    },
    {
      "text": "広範囲に渡る採掘作業や、長期の採掘遠征に適しています。"
    }
  ],
  "properties": [
    "ﾂｰﾙﾌｫｰｼﾞが必要",
    "上位の採掘ツール",
    "3x3の範囲採掘",
    "石や鉱石に効果的",
    "アンデッドへの 追加ダメージ"
  ]
}