{
  "tool": "hatchet",
  "text": [
    {
      "text": "木の伐採を行う基本的なツールです。 木材や葉に効果的です。 葉に対しては耐久値を消費しません。"
    },
    {
      "text": "\n"
    },
    {
      "text": "戦闘に手斧を用いた場合、相手の盾を無効化させることができます。"
    }
  ],
  "properties": [
    "基礎的な採掘ツール",
    "木に効果的",
    "葉を素早く破壊",
    "葉に対して耐久値を消費しない"
  ]
}