{
  "tool": "kama",
  "text": [
    {
      "text": "カマは植物や動物の毛を刈り取る作業を専 門にしたツールです。"
    },
    {
      "text": "\n"
    },
    {
      "text": "作物やサトウキビに対し右クリックをする と、周辺にある成長しきったもの全ての収 獲を行い、植え直しも行います。"
    }
  ],
  "properties": [
    "右ｸﾘｯｸ：作物の収穫",
    "ﾌﾞﾛｯｸや動物の剪定",
    "植物に効果的"
  ]
}