{
  "tool": "longsword",
  "text": [
    {
      "text": "ロングソードは攻撃志向の武器です。戦場目掛けて最高速で突撃することができます。 攻撃速度はブロードソードに劣りますが、 その分攻撃力に振り分けられています。"
    },
    {
      "text": "\n"
    },
    {
      "text": "右クリックを押して突撃の溜めを行い、 短い跳躍が行えます。"
    }
  ],
  "properties": [
    "平均以上の攻撃力",
    "やや遅い攻撃速度",
    "右クリック: 突撃",
    "オフハンド無効"
  ]
}
