{
  "tool": "longbow",
  "text": [
    {
      "text": "ロングボウは遠距離からの攻撃に特化した 武器です。 射撃間隔は長いですが、高威力の一撃を放 ちます。"
    },
    {
      "text": "\n"
    },
    {
      "text": "地理的な優位を活用できますが、射撃のみ に集中しなければならないという側面もあ ります。"
    }
  ],
  "properties": [
    "ﾂｰﾙﾌｫｰｼﾞが必要",
    "Tinkers'の矢を使用",
    "高威力だが、遅い",
    "バニラの矢の場合、威力が低下します"
  ]
}