{
  "tool": "lumberaxe",
  "text": [
    {
      "text": "大斧は樹木全体を一度に切り倒したり、 広範囲の木材を回収することができる伐採 ツールです。"
    },
    {
      "text": "\n"
    },
    {
      "text": "上側に葉がある場合にのみ、樹木として認識します。"
    }
  ],
  "properties": [
    "ﾂｰﾙﾌｫｰｼﾞが必要",
    "上位の採掘ツール",
    "木全体を一括伐採",
    "3x3x3の採掘範囲",
    "木に効果的"
  ]
}