{
  "title":"オフハンドの採掘",
  "text": [
    {
      "text": "Tinkers'のツールでは、メインハンドとオフハンドの両方でブロックの採掘が行えます。 オフハンドに採掘ができるツールを持ち、 メインハンドに別のツールを持って下さい。 ブロックを壊す際に自動的で効果的なツールが選択されるため、ブロックまで近づいて、 いつものように採掘を行ってください。"
    }
  ],
  "image": {
    "file": "tconstruct:textures/gui/book/offhand.png",
    "width": 150,
    "height": 75
  }
}