{
  "tool": "rapier",
  "text": [
    {
      "text": "レイピアは熟練者の武器であり、(鎧を身につけた)敵に対する素早い攻撃を重視しています。レイピアの攻撃は、対象の防御力の一部を無視します。"
    },
    {
      "text": "\n"
    },
    {
      "text": "右クリックで短距離のバックステップを行 うことができ、攻撃を素早く回避することができます。"
    }
  ],
  "properties": [
    "短い攻撃間隔",
    "攻撃力は低い",
    "防御力50%を貫通",
    "右クリック： バックステップ",
    "オフハンド無効"
  ]
}