{
  "title": "修復",
  "text": [
    {
      "text": "ツールは使用するにつれ損耗してゆきます。 耐久値が全て無くなると破損状態になってしまいます。:("
    },
    {
      "text": "\n"
    },
    {
      "text": "元通りにするにはツールを修理しなければなりません。修理はいつでも行えるため、壊れるまで使う必要はありません！"
    },
    {
      "text": "方法は簡単です。ツールをツールステーション、または金床に置き、ツールのヘッド部分に使用しているアイテムを追加してください。 複数のパーツがツールヘッドに使われている場合は、それらの各素材を使用することができます。同時に複数の素材で修理を行うと、追加で耐久値が回復されます。",
      "paragraph": true
    }
  ]
}