{
  "tool": "scythe",
  "text": [
    {
      "text": "サイズは広範囲の刈り取りが行えるツールです。 植物に対し効果的であり、敵に対する攻撃 範囲に優れています。"
    },
    {
      "text": "\n"
    },
    {
      "text": "作物やサトウキビに対し右クリックをする と、周辺にある成長しきったもの全ての収 獲を行い、植え直しも行います。"
    }
  ],
  "properties": [
    "ﾂｰﾙﾌｫｰｼﾞが必要",
    "範囲攻撃",
    "3x3の範囲収獲",
    "作物や植物に効果的",
    "右クリック： 範囲収獲と植え直し"
  ]
}