{
  "tool": "shortbow",
  "text": [
    {
      "text": "ショートボウは遠距離戦闘において、軽快 かつ機敏な行動を可能にします。 バニラの弓よりも素早い射撃、素早い行動 を可能にしますが、これは与えるダメージ の減少を伴います。"
    },
    {
      "text": "\n"
    },
    {
      "text": "敵を手芸の針刺しにしてしまいたいなら、 このショートボウが最適です。"
    }
  ],
  "properties": [
    "機動性と速射性",
    "Tinkers'の矢を使用",
    "ﾊﾞﾆﾗの矢も使用可能",
    "バニラの矢の場合、威力が低下します"
  ]
}