{
  "modifier": "beheading",
  "text": [
    {
      "text": "武器にエンダーパールと黒曜石を組み込むと、対象の頭部を身体から分離させるという奇妙な効果が発現します。 上の部分をちょっとね？"
    }
  ],
  "effects": [
    "敵が頭をドロップ",
    "黒曜石やパールを追加すると、発動の確率が高まります",
    "レベル増強が可能"
  ],
  "demoTool": [
    "tconstruct:broadsword",
    "tconstruct:cleaver",
    "tconstruct:arrow"
  ]
}