{
  "modifier": "blasting",
  "text": [
    {
      "text": "全てのブロックを破砕します！ 急いでそこから離れて！"
    },
    {
      "text": "\n"
    },
    {
      "text": "レベルを高めると破砕速度が高まりますが、採掘したブロックは全て失われます。"
    }
  ],
  "effects": [
    "ブロックを素早く破壊",
    "範囲採掘が行えるツールでは、適していないブロックにも有効",
    "ブロックは消滅",
    "レベル増強させる場合も、改造スロットは 1つだけ",
    "レベル増強が可能"
  ],
  "demoTool": [
    "tconstruct:hammer"
  ]
}