{
  "modifier": "diamond",
  "text": [
    {
      "text": "ツールの先端にダイヤモンドを埋め込むことで耐久性と採掘レベルが高まります。 見た目もおしゃれになります。"
    }
  ],
  "effects": [
    "耐久値の増加",
    "採掘速度がわずかに上昇",
    "採掘レベルが1つ上昇(黒曜石まで)",
    "レベル増強なし",
    "ファビュラス！"
  ],
  "demoTool": [
    "tconstruct:pickaxe",
    "tconstruct:broadsword",
    "tconstruct:shortbow",
    "tconstruct:arrow"
  ]
}