{
  "modifier": "emerald",
  "text": [
    {
      "text": "エメラルドをツールのもっとも脆弱な部分に組み込むことで、耐久性に素晴らしい効果をもたらします。 村人たちはあなたのツールに目をつけるでしょう。注意が必要です。"
    }
  ],
  "effects": [
    "耐久値に元の値の 50%を加算",
    "採掘レベルが鉄に",
    "レベル増強なし",
    "斬新！"
  ],
  "demoTool": [
    "tconstruct:pickaxe",
    "tconstruct:hammer",
    "tconstruct:cleaver"
  ]
}
