{
  "modifier": "extratrait",
  "text": [
    {
      "text": "ツールに他のﾂｰﾙﾊﾟｰﾂを刻み込みます！ 既にあるものに加え、さらにもう一つ、別のパーツ特性を獲得することができます。 (攻撃力などの性能は取り入れません)"
    }
  ],
  "effects": [
    "他のパーツの特性を加える",
    "刻印に使うパーツが持つ特性を追加",
    "刻印の改造は後から変更ができません",
    "改造スロット不要"
  ],
  "demoTool": [
    "tconstruct:pickaxe"
  ]
}
