{
  "modifier": "harvestwidth",
  "text": [
    {
      "text": "ツールの効果範囲が左右に広がったら、そんなことを望んだことはありませんか？ 今ならそれが可能です！"
    }
  ],
  "effects": [
    "採掘範囲を左右に拡張",
    "ブロックだけに有効",
    "武器には効果なし",
    "高さ++と併用可能"
  ],
  "demoTool": [
    "tconstruct:pickaxe",
    "tconstruct:shovel",
    "tconstruct:hatchet",
    "tconstruct:mattock",
    "tconstruct:hammer",
    "tconstruct:lumberaxe",
    "tconstruct:excavator",
    "tconstruct:scythe"
  ]
}