{
  "modifier": "harvestheight",
  "text": [
    {
      "text": "ツールの効果範囲が上下に延びたら、 そんなことを望んだことはありませんか？ 今ならそれが可能です！"
    }
  ],
  "effects": [
    "採掘範囲を上下に拡張",
    "ブロックだけに有効",
    "武器には効果なし",
    "横幅++と併用可能"
  ],
  "demoTool": [
    "tconstruct:pickaxe",
    "tconstruct:shovel",
    "tconstruct:hatchet",
    "tconstruct:mattock",
    "tconstruct:hammer",
    "tconstruct:lumberaxe",
    "tconstruct:excavator",
    "tconstruct:scythe"
  ]
}
