{
  "modifier": "haste",
  "text": [
    {
      "text": "ツールにレッドストーンを添加すると採掘速度が高まるようです。 レッドストーンの採掘速度効果は遅いツールにほど有効です。"
    },
    {
      "text": "\n"
    },
    {
      "text": "レッドストーン。クレイジーだろ？"
    }
  ],
  "effects": [
    "1つ追加するごとに、 わずかに採掘速度が増加",
    "攻撃速度上昇",
    "レベル増強が可能"
  ],
  "demoTool": [
    "tconstruct:pickaxe",
    "tconstruct:broadsword",
    "tconstruct:shortbow"
  ]
}