{
  "modifier": "luck",
  "text": [
    {
      "text": "ツールにちりばめられたラピスは、幸運の女神からの贈り物です。彼女らはあなたのツールに多大な幸運とドロップ品をもたらします。遠距離武器の場合、投射物自体に取り付ける必要があります。"
    },
    {
      "text": "\n"
    }
  ],
  "effects": [
    "幸運/ドロップ増加を付与",
    "ツールを使用することで幸運が増す可能性があります。",
    "レベルを増強させる場合も、改造スロットは 1つだけ",
    "シルクタッチとは併用不可"
  ],
  "demoTool": [
    "tconstruct:pickaxe",
    "tconstruct:broadsword",
    "tconstruct:arrow"
  ]
}