{
  "modifier": "mending_moss",
  "text": [
    {
      "text": "ツールの欠けた部分に苔が生えます。 経験値を使って魔法を施すと、それはツールと融合して復元を行います。"
    }
  ],
  "effects": [
    "経験値を溜める",
    "レベル上昇でXPの保持量が増加",
    "ツールがゆっくりと修理される",
    "ホットバーかオフハンドに持つ必要あり",
    "レベル増強が可能"
  ],
  "demoTool": [
    "tconstruct:pickaxe",
    "tconstruct:broadsword",
    "tconstruct:shortbow",
    "tconstruct:arrow"
  ]
}