{
  "modifier": "sharpness",
  "text": [
    {
      "text": "クォーツを使って研磨を行い、武器を鋭利に仕上げます。 クォーツの量が多いほど刃を研ぎ澄ませることができます。 鈍器に対しても有効です。"
    }
  ],
  "effects": [
    "攻撃力上昇",
    "武器によって効果の度合いが異なります",
    "レベル増強が可能"
  ],
  "demoTool": [
    "tconstruct:broadsword",
    "tconstruct:cleaver",
    "tconstruct:arrow"
  ]
}