
{
  "modifier": "silktouch",
  "text": [
    {
      "text": "大量の糸と金塊を用いることで、シルクのような滑らかさをツールに付与できようです。"
    },
    { "text": "\n" },
    { "text": "\"I can't believe it's not butter!\"" },
    { "text": "\n" },
    { "text": "\"バターじゃないなんて信じられない！\"" }
  ],
  "effects": [
    "ブロックをそのまま回収",
    "幸運、自動製錬とは併用不可",
    "レベル増強なし"
  ],
  "demoTool": [
    "tconstruct:pickaxe",
    "tconstruct:hammer"
  ]
}
