{
  "modifier": "soulbound",
  "text": [
    {
      "text": "相性抜群。 あなたの愛用するあなたのツール。 死さえもあなた方を分かつことはできません。"
    }
  ],
  "effects": [
    "死亡時にツールを手放さない",
    "レベル増強なし",
    "改造スロット不要"
  ],
  "demoTool": [
    "tconstruct:broadsword",
    "tconstruct:cleaver",
    "tconstruct:pickaxe",
    "tconstruct:hammer",
    "tconstruct:shortbow",
    "tconstruct:arrow"
  ]
}