{
  "title":"",
  "text": [
    {
      "text": "合金タンクは発熱炉、または燃料用の焼成タンク、どちらかの上部に配置して使用します。 合金の製造に使用する液体を入力するために、合金タンクの上部や側面に、焼成タンクや溶解炉を配置します。 流出口を取り付けることで、液体を出力させることができます。"
    },
    {
      "text": "合金の製造を行うには、発熱炉に燃料が含まれていなければなりません。 合金タンクにﾚｯﾄﾞｽﾄｰﾝ信号を入力すると、合金の製造処理を停止させることができます。",
      "paragraph": true
    }
  ]
}