<book title="Rockhounding Chemistry クエストブック" cover="rockhounding_chemistry:gbook/icons/questcover" fontSize="0.6" home="0:0">
	<include ref="rockhounding_chemistry:xml/custom.xml" />

	<chapter id="main">
		<page id="index_01">
			<title color="#CC3333" >目次</title>

			<p space="10" />
			<p color="#000066">01: まず初めに</p>
			<p space="6" />
			<link ref="quests:quest_01_01" color="#0000FF">-&gt; 01: 入門編</link>
			<p space="6" />
			<link ref="quests:quest_01_02" color="#0000FF">-&gt; 02: とにかくこれをやる</link>
			<p space="6" />
			<link ref="quests:quest_01_03" color="#0000FF">-&gt; 03: これがミネラル!</link>
			<p space="6" />
			<link ref="quests:quest_01_04" color="#0000FF">-&gt; 04: わたしはアナウサギ</link>
			<p space="6" />
			<link ref="quests:quest_01_05" color="#0000FF">-&gt; 05: 導管のほうがいい</link>

			<p space="10" />
			<p color="#000066">02: ラボに参加</p>
			<p space="6" />
			<link ref="quests:quest_02_01" color="#0000FF">-&gt; 01: 圧力の下</link>
			<p space="6" />
			<link ref="quests:quest_02_02" color="#0000FF">-&gt; 02: 水は十分な量を</link>
			<p space="6" />
			<link ref="quests:quest_02_03" color="#0000FF">-&gt; 03: 塩辛い</link>
			<p space="6" />
			<link ref="quests:quest_02_04" color="#0000FF">-&gt; 04: 液体のためのwiki</link>
			<p space="6" />
			<link ref="quests:quest_02_05" color="#0000FF">-&gt; 05: こんにちは世界</link>
			<p space="6" />
			<link ref="quests:quest_02_06" color="#0000FF">-&gt; 06: さようなら世界</link>
		</page>

		<page id="index_02">
			<title color="#CC3333" >タスクの目次</title>

			<p space="10" />
			<p color="#000066">03: 永遠の炎</p>
			<p space="6" />
			<link ref="quests:quest_03_01" color="#0000FF">-&gt; 01: 暗黒物質</link>
			<p space="6" />
			<link ref="quests:quest_03_02" color="#0000FF">-&gt; 02: 黒く粘つく</link>
			<p space="6" />
			<link ref="quests:quest_03_03" color="#0000FF">-&gt; 03: 水煙</link>
			<p space="6" />
			<link ref="quests:quest_03_04" color="#0000FF">-&gt; 04: 私はあなた、...より美しい、ね</link>
			<p space="6" />
			<link ref="quests:quest_03_05" color="#0000FF">-&gt; 05: 会心の出来</link>

			<p space="10" />
			<p color="#000066">04: 全ての流体</p>
			<p space="6" />
			<link ref="quests:quest_04_01" color="#0000FF">-&gt; 01: heroBrineの抹消</link>
			<p space="6" />
			<link ref="quests:quest_04_02" color="#0000FF">-&gt; 02: 二つの液体, 一つのタンク</link>
			<p space="6" />
			<link ref="quests:quest_04_03" color="#0000FF">-&gt; 03: それで十分</link>
			<p space="6" />
			<link ref="quests:quest_04_04" color="#0000FF">-&gt; 04: スーパーオーブン</link>
			<p space="6" />
			<link ref="quests:quest_04_05" color="#0000FF">-&gt; 05: スライムの末路</link>
		</page>

		<page id="index_03">
			<title color="#CC3333" >タスクの目次</title>

			<p space="10" />
			<p color="#000066">05: ザ・エアベンダー</p>
			<p space="4" />
			<link ref="quests:quest_05_01" color="#0000FF">-&gt; 01: あなたの吸い込む空気</link>
			<p space="4" />
			<link ref="quests:quest_05_02" color="#0000FF">-&gt; 02: きれいな空気</link>
			<p space="4" />
			<link ref="quests:quest_05_03" color="#0000FF">-&gt; 03: ブロロロロ...</link>
			<p space="4" />
			<link ref="quests:quest_05_04" color="#0000FF">-&gt; 04: 風船じゃないんだ</link>
			<p space="4" />
			<link ref="quests:quest_05_05" color="#0000FF">-&gt; 05: 注目の触媒</link>
			<p space="4" />
			<link ref="quests:quest_05_06" color="#0000FF">-&gt; 06: こんな匂い</link>

			<p space="10" />
			<p color="#000066">06: エコロジスト</p>
			<p space="4" />
			<link ref="quests:quest_06_01" color="#0000FF">-&gt; 01: 無駄なものは何もない</link>
			<p space="4" />
			<link ref="quests:quest_06_02" color="#0000FF">-&gt; 02: 予期しないリソース</link>
			<p space="4" />
			<link ref="quests:quest_06_03" color="#0000FF">-&gt; 03: 新生活</link>

			<p space="10" />
			<p color="#000066">07: アンモニアアベニュー</p>
			<p space="4" />
			<link ref="quests:quest_07_01" color="#0000FF">-&gt; 01: 全てのドロップが重要</link>
			<p space="4" />
			<link ref="quests:quest_07_02" color="#0000FF">-&gt; 02: アンモニアの50の境界</link>
			<p space="4" />
			<link ref="quests:quest_07_03" color="#0000FF">-&gt; 03: 沈み具合</link>
			<p space="4" />
			<link ref="quests:quest_07_04" color="#0000FF">-&gt; 04: チューブを下る</link>
			<p space="4" />
			<link ref="quests:quest_07_05" color="#0000FF">-&gt; 05: 最後に大事なのは</link>
			<p space="4" />
			<link ref="quests:quest_07_06" color="#0000FF">-&gt; 06: 史上最悪の売上</link>
		</page>

		<page id="index_04">
			<title color="#CC3333" >タスクの目次</title>

			<p space="10" />
			<p color="#000066">08: ビッグバス(浴槽)理論</p>
			<p space="6" />
			<link ref="quests:quest_08_01" color="#0000FF">-&gt; 01: 一つは全て</link>
			<p space="6" />
			<link ref="quests:quest_08_02" color="#0000FF">-&gt; 02: 振らずに、攪拌 vol.1</link>
			<p space="6" />
			<link ref="quests:quest_08_03" color="#0000FF">-&gt; 03: 振らずに、攪拌 vol.2</link>
			<p space="6" />
			<link ref="quests:quest_08_04" color="#0000FF">-&gt; 04: 全ては塵に</link>

			<p space="10" />
			<p color="#000066">09: 金属の王</p>
			<p space="6" />
			<link ref="quests:quest_09_01" color="#0000FF">-&gt; 01: 鉱山と鋼鉄</link>
			<p space="6" />
			<link ref="quests:quest_09_02" color="#0000FF">-&gt; 02: 熱気を吸い込む</link>
			<p space="6" />
			<link ref="quests:quest_09_03" color="#0000FF">-&gt; 03: クリスタルクリア</link>

		</page>

	</chapter>

	<chapter id="quests">
		<page id="quest_01_01">
			<link ref="main:index_01" color="#CC3333">&lt;- 01: 入門編</link>
			<p>このMODを使うその前に、コンフィグファイルをよく確認し、オプションをお好みのものに設定してください。</p>
			<p speace="4"/>
			<p>
			ゲームをより簡単/より難しくしたり、特定のパーツを有効/無効にしたりと、様々なコンセプトに構成できます。 coreモジュールのコンフィグにおいても、追加設定を確認してください。</p>
		</page>
		<page id="quest_01_02">
			<link ref="main:index_01" color="#CC3333">&lt;- 02: とにかくこれをやる</link>
			<p>マッドサイエンティストとして立つためにまず行うことは、生産ラインの基礎となる資源を獲得することです。 このMODは、大量生産が可能であろうゲーム中期後半の環境に依存する内容であるため、このMODに触れるまでにたくさんの備蓄を用意してください。</p>
			<p space="6" />
			<p color="#0000FF">タスク-目標</p>
			<p>- 石炭, 花崗岩, レッドストーン, 鉄, 金, クォーツを収集</p>
			<p space="4" />
			<p>- ガラスをスタック単位で集める</p>
			<p space="4" />
			<p>- 最初の機械へ十分な燃料を供給するため、 最低でもバケツ8杯分の溶岩を確保する</p>
		</page>

		<page id="quest_01_03">
			<link ref="main:index_01" color="#CC3333">&lt;- 03: これぞミネラル!</link>
			<p>このMOD全体の内容は、ただ1つの鉱石に基づいており、これを少しづつ調査、分析、処理してゆくことになります。</p>
			<p space="6" />
			<p color="#0000FF">タスク-目標</p>
			<p>- 未調査の鉱石をスタック単位で集める</p>
		</page>

		<page id="quest_01_04">
			<link ref="main:index_01" color="#CC3333">&lt;- 04: わたしはアナウサギ</link>
			<p>MODの目標は、たくさんの部品を組み合わせて自分だけの巨大工場を築き上げることです。 これは、機械, 倉庫, そしてそれらを結ぶ 接続機器類が、数チャンクにまたがって広がることを意味しています。</p>
			<p space="6" />
			<p color="#0000FF">タスク-目標</p>
			<p>- ある程度の広い空間を確保する</p>
		</page>

		<page id="quest_01_05">
			<link ref="main:index_01" color="#CC3333">&lt;- 05: 導管のほうがいい</link>
			<p>MODでは無数の素材、特に液体状の素材を各地へ輸送させることになるため、同じライン内における集束、制限、そして双方向的な入出力を活用し、高度な輸送システムを駆使して生活をより簡便に、工場をより効率的にしていくのが望ましいでしょう。 パイプ類はどのようなものでも問題ないはず(念のため、MOD自体にも試験的なものが用意されています)ですが、EnderIOの導管、または Refined Storageなどものを活用することを、 強くおすすめします。</p>
			<p space="6" />
			<p color="#0000FF">タスク-目標</p>
			<p>- EnderIO導管などの素晴らしいストレージに 触れる</p>
		</page>

		<page id="quest_02_01">
			<link ref="main:index_01" color="#CC3333">&lt;- 01: 地下資源</link>
			<p>ほとんどの機械は共通の部品によって作られていますが、後半のほうではまた別の素材で製造を行うようになります。 これら全ては同じ機械で製造されます。 JEIを参照して、よく使われる部品を確かめましょう。</p>
			<p space="6" />
			<p color="#0000FF">タスク-目標</p>
			<p>- プロファイリングベンチを設置し、鉄を成 形してコイル, 棒材, 支持材, 薄膜材を製造す る</p>
			<p space="4" />
			<p>- ガラスパイプにはガラスを使う ホッパーを活用し、入力と出力を自動化させましょう。</p>
		</page>

		<page id="quest_02_02">
			<link ref="main:index_01" color="#CC3333">&lt;- 02: 水は十分な量を</link>
			<p>MODでは大量の水を消費することになります。 ここでは、ストレージと水の汲み上げ機能を備えた装置の設置を行いましょう。 MODには独自のポンプ装置が用意されており、アップグレードでさらに効率を強化することができます。 また、他のMODのポンプ類もすべて有効です。</p>
			<p space="6" />
			<p color="#0000FF">タスク-目標</p>
			<p>- 水源の上にウォーターポンプを設置し、 水を集める</p>
		</page>

		<page id="quest_02_03">
			<link ref="main:index_01" color="#CC3333">&lt;- 03: 塩辛い</link>
			<p>主として使用されるもう一つの資源は塩で、 タンク内で水を蒸発させることでこれを入手できます。 このことについては迅速に済ませられるような手段は無く、天候の影響も受けます。 タンクの数を揃えることはまとまった量を得ることに効果を上げるでしょう。 塩は使う前に精製することを忘れないでください。</p>
			<p space="6" />
			<p color="#0000FF">タスク-目標</p>
			<p>- 蒸発タンク, 乾燥ラックを複数配置する タンクの上側は空に向けて開かれていなければならないことに注意しましょう。</p>
			<p space="4" />
			<p>- タンクに水を保持できる容器を接続し、 常に満タンの状態にする</p>
			<p space="4" />
			<p>- ホッパーやパイプを使用して、蒸発タンク から乾燥ラックに接続を行い、塩の取り出しと精製を自動化させる</p>
		</page>

		<page id="quest_02_04">
			<link ref="main:index_01" color="#CC3333">&lt;- 04: 液体のためのwiki</link>
			<p>たくさんある容器にはフィルタリングが必要な場面が出てきます。 少し時間をとって、フルイドペディアを作成しましょう。 そこでは任意の液体やガスのサンプルを取り出すことができ、サンプリングアンプルを用いることで、タンクや容器へのフィルター設定に使用することができます。 これらは、フィルターの設定を行う際に、中身の入ったバケツがいらなくなることを意味しています。</p>
			<p space="6" />
			<p color="#0000FF">タスク-目標</p>
			<p>- フルイドペディアを設置する</p>
			<p space="4" />
			<p>- サンプリングアンプルを作成し、表示され ている液体/ガスの中のどれかへ使用する</p>
			<p space="4" />
			<p>- GUIやアンプルのツールチップを確認して、 提示される情報に慣れ親しむ</p>
			<p space="4" />
			<p>- サンプルを含んだアンプルは、必要に応じ て適切なフィルタースロットへ使用し、タンクへのアクセスを制限させる</p>
		</page>

		<page id="quest_02_05">
			<link ref="main:index_01" color="#CC3333">&lt;- 05: こんにちは世界</link>
			<p>ガスは独自のパイプラインを通して内部的に MODの機械へ分配されますが、インターフェースを作成することで、他のMODでもそれらを通常の液体として取り扱えるようにできます。 CraftTweakerのスクリプトを使えば、それぞれにある液体パイプにおいて、単一のガスを認識させることができます。 同じく、逆の方法で新しいガスを追加することも可能です。 また、異なるMODからの同一の液体/ガスを、 1つの種類に統一することもできます。</p>
			<p space="6" />
			<p color="#0000FF">タスク-目標</p>
			<p>- トランスポーザーを設置する</p>
			<p space="4" />
			<p>- ガスパイプラインをプラグ面に接続、また 任意の面に液体パイプを接続させ、素材の変換を行う</p>
		</page>

		<page id="quest_02_06">
			<link ref="main:index_01" color="#CC3333">&lt;- 06: さようなら世界</link>
			<p>液体やガスが不要になったり、保管場所がいっぱいになってしまった場合には、それらを虚空へ送ることで解消できます。</p>
			<p space="6" />
			<p color="#0000FF">タスク-目標</p>
			<p>- ケミカルダンパーを設置する</p>
			<p space="4" />
			<p>- サンプリングアンプルを使用して、GUIに フィルターを設定する</p>
			<p space="4" />
			<p>- 入力のプラグ面にガスパイプライン、もし くは任意の面に液体パイプを接続させて、素材の受け入れを行う</p>
		</page>

		<page id="quest_03_01">
			<link ref="main:index_02" color="#CC3333">&lt;- 01: 暗黒物質</link>
			<p>MODには独自(オプションですが)の燃料供給システムがあり、合成ガスがを用いることで、各機械に向けて燃焼動力とエネルギーの両方を提供することができます。 これらの製造と保管を達成させることは、出だしの目標としてちょうどよいでしょう。 合成ガス専門の小規模プラントです。 合成ガスは燃料供給から製造の原料としても用いられるため、2つのラインとストレージをそれぞれ分けて用意すると良いでしょう。</p>
			<p space="6" />
			<p color="#0000FF">タスク-目標</p>
			<p>- 鉱石選別機を組み立てて石炭ブロックを破 砕し、 砕かれた炭化物にする 正しい粉砕(Comminution)レベルを選択してください。</p>
			<p space="4" />
			<p>- 溶岩の入りバケツを使って、パワーステー ションに供給を行う</p>
			<p space="4" />
			<p>- 脈石採集器にストレージを接続させ、機 械が常に自由に稼働できるようにする</p>
		</page>

		<page id="quest_03_02">
			<link ref="main:index_02" color="#CC3333">&lt;- 02: 黒く粘つく</link>
			<p>砕かれた炭化物から泥水(スラリー)を作り、 ガス化プラントの燃焼室で使えるようにしましょう。 このタスクに必要なブロックは、次にある段階のものよりも動作が遅いことがあり、一定量の生産量を確保するために処理機構を複数用意することをおすすめします。</p>
			<p space="6" />
			<p color="#0000FF">タスク-目標</p>
			<p>- 汚水貯留槽を複数個用意する</p>
			<p space="4" />
			<p>- 砕かれた炭化物の入ったストレージと汚水 貯留槽を接続させ、アイテムの供給を行う</p>
			<p space="4" />
			<p>- 液体を供給する設備を汚水貯留槽に接続さ せる</p>
			<p space="4" />
			<p>- 必要に応じ、全ての貯留槽からのアイテム の送り先を1つのストレージにまとめ、一体化した大きな収集設備を構築する</p>
			<p space="4" />
			<p>- 腐った肉を集められるならば、それらも処 理工程に組み込めるか検討してみましょう</p>
			<p space="12" />
			<p>※英語名と日本語訳名</p>
			<p>Coal Slurry/ 炭化物スラリー</p>
			<p>Organic Slurry/ 有機物の泥水</p>
			<p>Raw Syngas/ 生ガス - (気体)</p>
			<p>Syngas/ 合成ガス - (気体)</p>
		</page>

		<page id="quest_03_03">
			<link ref="main:index_02" color="#CC3333">&lt;- 03: 水煙</link>
			<p>合成ガスを製造する最初の段階として、生成した泥水(スラリー)を加熱させる準備を行います。 構造体は一定温度に到達してから稼働を開始するため、再度温度上昇の必要がないよう、間を置かず、常に忙しくさせておくことをおすすめします。 またこのプラントは、後に有用となるいくつかの副産物を残します。</p>
			<p space="6" />
			<p color="#0000FF">タスク-目標</p>
			<p>- ガス化プラントを構築する</p>
			<p space="4" />
			<p>- 炭の泥水が入った容器を上部液体槽に接続 し、加熱させる原料として供給する</p>
			<p space="4" />
			<p>- チャンバー内で蒸気化させるため、燃焼室 に水を供給する</p>
			<p space="4" />
			<p>- 溶岩の入りバケツを使って、パワーステー ションに供給を行う</p>
			<p space="4" />
			<p>- 生成された生ガスがプラント内に留まって しまわないよう、大容量のストレージへ送られるようにする もしくは、すぐに次の工程で処理させる</p>
			<p space="4" />
			<p>- 塵埃収集器で収集する副産物を回収し、 後のことに向けて蓄える</p>
		</page>

		<page id="quest_03_04">
			<link ref="main:index_02" color="#CC3333">&lt;- 04: 私はあなた、...より美しい、ね</link>
			<p>高温で汚れているガスを使用するためには、仕上げとして冷却と洗浄を施す必要があります。 新たなプラントでは、このガスを吹きつけることで汚染物質の除去を行います。 この工程ではさらに多くの副産物があらわれるでしょう。</p>
			<p space="6" />
			<p color="#0000FF">タスク-目標</p>
			<p>- ガス精製装置を構築する</p>
			<p space="4" />
			<p>- ガスパイプラインを配置するために、ポン プやダクトを作成する</p>
			<p space="4" />
			<p>- 入力容器に生ガスを供給する</p>
			<p>- ProTips: 入力容器はガス化装置側の出力部分として共有させることができ、輸送をコンパクトにできます。</p>
			<p space="4" />
			<p>- 溶岩の入りバケツを使って、パワーステー ションに供給を行う</p>
			<p space="4" />
			<p>- 出力されるものを複数の貯蔵器へ接続し、 さらに大きな保管設備にする 工場への燃料供給用として、いくつかの貯蔵器で備蓄を行いましょう。</p>
			<p space="4" />
			<p>- 塵埃収集器での副産物アイテムの回収を、 かならず行う</p>
		</page>

		<page id="quest_03_05">
			<link ref="main:index_02" color="#CC3333">&lt;- 05: 会心の出来(Big Bada Boom)</link>
			<p>圧力容器と貯蔵器を使用する際、許容量いっぱいの状態で長く放置しすぎてしまうと崩壊し爆発する可能性があり、とても危険です。 安全機構を追加し、ラボの爆発を回避しなければなりません。 有毒ガスを扱う上で、それでまったく安全になるわけではないのですが、それでも...。</p>
			<p space="6" />
			<p color="#0000FF">タスク-目標</p>
			<p>- 排気バルブを複数個作成する</p>
			<p space="4" />
			<p>- 各圧力容器、貯蔵器の上部に排気バルブを 設置する できるだけ早く</p>
			<p space="4" />
			<p>- 限界に達しないか、注視する バルブは保管しているガスの一部を放出するため、毒を受けることがあります。</p>
		</page>

		<page id="quest_04_01">
			<link ref="main:index_02" color="#CC3333">&lt;- 01: heroBrineの抹消</link>
			<p>この段階では、再び塩の製造を行います。 また別の蒸発タンク群を配置する必要がありますが、今回は工程の全てを実行することは無く、中間の液体を集めます。 必要なのは、適度に蒸発させた塩水です。</p>
			<p space="6" />
			<p color="#0000FF">タスク-目標</p>
			<p>- 蒸発タンクを複数基配置する 塩水(Brine)が選択されるまで、Modレンチでそれらを右クリックします(Hwylaなどから確認してください)。</p>
			<p space="4" />
			<p>- 蒸発タンクに水入りのタンクを接続し、常 に満タン状態にさせる</p>
			<p space="4" />
			<p>- 蒸発タンクに別のタンクを接続し、生成さ れた塩水が取り出されるようにする</p>
			<p space="4" />
			<p>- ProTip: 取り出されなかった塩水は、通常通り次の段階まで蒸発されてゆきます。</p>
			<p space="12" />
			<p>※英語名と日本語訳名</p>
			<p>Virgin Water/ 真水</p>
			<p>Saturated Brine/ 塩水</p>
			<p>Dense Brine/ 濃い塩水</p>
		</page>

		<page id="quest_04_02">
			<link ref="main:index_02" color="#CC3333">&lt;- 02: 二つの液体, 一つのタンク</link>
			<p>進展に欠かせない重要な液体を作成するときが来ました。 1つ目は水酸化ナトリウムで、2つの液体の反応によって酸を生成する単純な性質を持っています。</p>
			<p space="6" />
			<p color="#0000FF">タスク-目標</p>
			<p>- 電気式連続槽型反応器(E-CSTR)を構築しする</p>
			<p space="4" />
			<p>- JEIの表示に従って、入力側のタンクに塩水 と水のフィルターを設定する</p>
			<p space="4" />
			<p>- 塩水と水のタンクを液体入力機構に接続す る</p>
			<p space="4" />
			<p>- 構造体に十分な動作をさせるために、 下部タンクをより大容量のものへ接続させる</p>
			<p space="4" />
			<p>- ProTip: 今回などの特定のレシピでは、使用しない圧力容器を省くことができます。</p>
			<p space="12" />
			<p>※英語名と日本語訳名</p>
			<p>Sodium Hydroxide/ 水酸化ナトリウム(苛性ソーダ)</p>
		</page>

		<page id="quest_04_03">
			<link ref="main:index_02" color="#CC3333">&lt;- 03: それで十分</link>
			<p>次の機械を使用するには、細かくした様々な素材による混合物を準備する必要があり、今後に行う反応の一部分となります。 これらの混合物、およびこれより先の他の混合物は、化合物に分類されます。</p>
			<p space="6" />
			<p color="#0000FF">タスク-目標</p>
			<p>- ラボ・ブレンダーを3基分設置する</p>
			<p space="4" />
			<p>- 割り当てたアイテムのみを受け入れるよう に設定を行う 硫黄、塩化物、フッ化物といった化合物を生成するよう、タンクのフィルターを設定しましょう。</p>
			<p space="4" />
			<p>- チェストやネットワーク上にむけて出力さ れたものを保管する これらはラボ・オーブンにおける固形素材になります。</p>
			<p space="12" />
			<p>※英語名と日本語訳名</p>
			<p>Hydrochloric Acid/ 塩化水素(塩酸)</p>
			<p>Nitric Acid/ 硫酸</p>
			<p>Hydrofluoric Acid/ フッ化水素酸(フッ酸)</p>
		</page>

		<page id="quest_04_04">
			<link ref="main:index_02" color="#CC3333">&lt;- 04: スーパーオーブン</link>
			<p>次の機械ではさらに別の液体の製造を行い、それらをし、原料を循環させることでそれ自体の製造を行います。</p>
			<p space="6" />
			<p color="#0000FF">タスク-目標</p>
			<p>- ラボ・オーブンを構築する</p>
			<p space="4" />
			<p>- レシピサーバーを設置し、塩酸, 硫酸, フッ化水素酸の各種レシピの注文を行うサーバーファイルを設定する 硫酸の量が、他のレシピで使用されるのに十分であることを確認してください。</p>
			<p space="4" />
			<p>- 液体タンクを何基か設置し、各種液体をそ れぞれで受け入れるようフィルタ設定を行う パイプ類を使ってそれらを液体入力機構に接続し、挿入/取り出しができることを確認しましょう。</p>
			<p space="4" />
			<p>- 液体出力機構の後ろのタンクにパイプ類を 繋ぐ 液体がこの装置からのみ取り出せることを確認しましょう。</p>
			<p space="4" />
			<p>- ラボ・オーブンの上部に全ての固形素材を 入れておくためのチェストを設置する パイプ類で挿入/取り出しができることを確認しましょう。</p>
			<p space="4" />
			<p>- サーバー、ラボ・オーブンの順で有効化さ せ、稼働を開始する</p>
		</page>

		<page id="quest_04_05">
			<link ref="main:index_02" color="#CC3333">&lt;- 05: スライムの末路</link>
			<p>酸やなどの危険な液体をModのタンクに保管していると、時として汚染物質の漏えいが発生してしまい、これによりタンクの周囲に有毒な泥水が出現します。 この泥水溜りはあなたを害し、有毒なスライムを出現させることに注意してください。 これらはRockhunding固有の要素です。 他のMODのタンクでは起こりません。</p>
			<p space="6" />
			<p color="#0000FF">タスク-目標</p>
			<p>- タンクは隔離し、保護された場所で保管す る 流出してしまった有毒な泥水は、できるだけ速やかに除去しましょう。</p>
			<p space="4" />
			<p>- 通常の液体タンクはこの後、危険な液体を 収容できる封じ込めタンクに交換しましょう</p>
			<p space="12" />
			<p>※英語名と日本語訳名</p>
			<p>Toxic Sludge/ 有毒の排泥</p>
		</page>

		<page id="quest_05_01">
			<link ref="main:index_03" color="#CC3333">&lt;- 01: あなたの吸い込む空気</link>
			<p>ここでは空気を構成している気体の抽出が行えます。 これらは新たな化学反応と用途のための基盤となってきます。</p>
			<p space="6" />
			<p color="#0000FF">タスク-目標</p>
			<p>- エアーコンプレッサーを設置する</p>
			<p space="4" />
			<p>- 有効化させ、圧力容器に圧搾空気を保管す る</p>
			<p space="12" />
			<p>※英語名と日本語訳名</p>
			<p>Compressed Air/ 圧搾空気 - (気体)</p>
		</page>

		<page id="quest_05_02">
			<link ref="main:index_03" color="#CC3333">&lt;- 02: きれいな空気</link>
			<p>圧搾空気から思いつく限りの全ての不純物を除去し、洗浄しなければなりません。</p>
			<p space="6" />
			<p color="#0000FF">タスク-目標</p>
			<p>- ガス精製装置を構築する</p>
			<p space="4" />
			<p>- 入力部に圧搾空気を接続し、精製を行う</p>
			<p space="4" />
			<p>- RroTip: 圧力容器はエアコンプレッサー側と共有させることができます。</p>
			<p space="12" />
			<p>※英語名と日本語訳名</p>
			<p>Refined Air/ 精製空気 - (気体)</p>
		</page>

		<page id="quest_05_03">
			<link ref="main:index_03" color="#CC3333">&lt;- 03: ブロロロロ...</link>
			<p>これで、精製空気を冷却する準備が整いました。 ここを終えると、次にある蒸留工程に適したものへ仕上がります。</p>
			<p space="6" />
			<p color="#0000FF">タスク-目標</p>
			<p>- 熱交換器を構築する</p>
			<p space="4" />
			<p>- 入力部に精製空気を接続し冷却をおこなう </p>
			<p space="4" />
			<p>- PtoTip: 圧力容器はガス精製装置側と共有させることができます。</p>
			<p space="4" />
			<p>- 冷媒として、上部タンクに水を供給する 後に、水よりも冷たい液体を使用することで 工程をより効率化させることができます。</p>
			<p space="12" />
			<p>※英語名と日本語訳名</p>
			<p>Cooled Air/ 冷やされた空気 - (気体)</p>
		</page>

		<page id="quest_05_04">
			<link ref="main:index_03" color="#CC3333">&lt;- 04: 風船じゃないんだ</link>
			<p>次の構造体は大型のものになり、空気を構成している全ての気体を取り出すことができます。 主な気体は大量に消費されてゆくのですが、希少なもののほうはとても限定的です。 たいへん貴重なものですので、慎重な管理をおすすめします。</p>
			<p space="6" />
			<p color="#0000FF">タスク-目標</p>
			<p>- 低温蒸留プラントを構築する</p>
			<p space="4" />
			<p>- 入力部に冷やされた空気を接続し、蒸留を 開始させる</p>
			<p space="4" />
			<p>- PtoTip: 圧力容器は、熱交換器側と共有させることができます。</p>
			<p space="4" />
			<p>- 制御部から、取り出したい気体を選択する</p>
			<p space="4" />
			<p>- 窒素と酸素の両方をより大きな貯蔵設備に 接続させ、管轄する容量を拡大させる</p>
			<p space="4" />
			<p>- ガスバルブから6つの容器に接続させ、各気 体をそれぞれ保管する</p>
			<p space="12" />
			<p>※英語名と日本語訳名</p>
			<p>Nitrogen/ 窒素 - (気体)</p>
			<p>Oxygen/ 酸素 - (気体)</p>
		</page>

		<page id="quest_05_05">
			<link ref="main:index_03" color="#CC3333">&lt;- 05: 注目の触媒</link>
			<p>この段階では、反応において触媒が大きな役割を果たします。 通常は金属を使用したものを作成するのですが、すぐには手に入らないものがいくつかあります。 JEIを参照しながら、現在作成できるものとその作成方法を確認してください。</p>
			<p space="6" />
			<p color="#0000FF">タスク-目標</p>
			<p>- プロファイリングベンチでガーゼのパター ンを選択し、必要な素材を使用していくつかの触媒を製造する</p>
			<p space="4" />
			<p>- 全ての触媒は、耐久力エンチャントを施す ひと手間を加えることで、より長持ちするようになります。 後にそれらを再生させて、追加で補充しなければならない場面を減らすことができます。</p>
			<p space="12" />
			<p>※英語名と日本語訳名</p>
			<p>Argon/ アルゴン - (気体)</p>
			<p>Carbon Dioxide/ 二酸化炭素 - (気体)</p>
			<p>Neon/ ネオン - (気体)</p>
			<p>Helium/ ヘリウム - (気体)</p>
			<p>Krypton/ クリプトン - (気体)</p>
			<p>Xenon/ キセノン - (気体)</p>
		</page>

		<page id="quest_05_06">
			<link ref="main:index_03" color="#CC3333">&lt;- 06: こんな匂い</link>
			<p>全ての気体を用意できたら、それらを組み合わせる時間です。 かつて新鮮な空気だったものは、致死的物質へ変貌します。</p>
			<p space="6" />
			<p color="#0000FF">タスク-目標</p>
			<p>- ガス改質装置のタワーを構築する</p>
			<p space="4" />
			<p>- レシピサーバーを開き、最大量のアンモニ ア用ファイル3つと、数百分の硝酸ファイル1つを設定、注文する</p>
			<p space="4" />
			<p>- ガスを保管している設備を、2つの入力側容 器に接続する タワー側はフィルタ設定の活用を想定しています。</p>
			<p space="4" />
			<p>- 下部にある入れ替え用の容器をガス保管設 備に接続し、内容物の交換に備える</p>
			<p space="4" />
			<p>- 出力側容器をさらに大規模な保管設備に接 続し、許容量を拡張させる</p>
			<p space="4" />
			<p>- 出力側タンクを液体タンクに接続し、これ を保管する</p>
			<p space="4" />
			<p>- 全ての触媒が入ったチェストを反応器に接 続させる 導管などによって挿入/取り出しが行えることを確認しましょう。</p>
			<p space="4" />
			<p>- サーバー、タワーの順で有効化させる</p>
		</page>

		<page id="quest_06_01">
			<link ref="main:index_03" color="#CC3333">&lt;- 01: 無駄なものは何もない</link>
			<p>現在のところ、触媒の存在が大きな懸念事項となっているため、活用をより効率的にする方法を見つける必要があります。 このプラントでは、使用済みの触媒を再生させ、再び使用可能にさせます。 新しい触媒を作り続けなければならない状況を回避するのにとても役立ちます。</p>
			<p space="6" />
			<p color="#0000FF">タスク-目標</p>
			<p>- ガス化プラントを構築する</p>
			<p space="4" />
			<p>- 上部の液体槽に、有毒廃棄物の保管設備を 接続させる</p>
			<p space="4" />
			<p>- 燃焼室に水の供給を行う</p>
			<p space="4" />
			<p>- 出力される原燃料ガスを大型の保管設備に 集める</p>
			<p space="4" />
			<p>- 塵埃収集器から、処理工程で取り出される 副産物を回収する</p>
			<p space="12" />
			<p>※英語名と日本語訳名</p>
			<p>Ammonia/ アンモニア- (気体)</p>
			<p>Nitric Acid/ 硝酸</p>
			<p>Toxic Waste/ 有毒廃棄物</p>
			<p>Raw Flue Gas/ 原燃料ガス- (気体)</p>
			<p>Methanol/ メタノール</p>
			<p>Chloromethane/ クロロメタン</p>
			<p>Silicone/ シリコーン</p>
		</page>

		<page id="quest_06_02">
			<link ref="main:index_03" color="#CC3333">&lt;- 02: 予期しないリソース</link>
			<p>原燃料ガスを使用可能な状態に仕上げるためには、いつものように洗浄、冷却を施さなければなりません。</p>
			<p space="6" />
			<p color="#0000FF">タスク-目標</p>
			<p>- ガス精製装置を構築する</p>
			<p space="4" />
			<p>- 原燃料ガスを入力側容器に接続させる</p>
			<p space="4" />
			<p>- 出力される燃料ガスをより大きな保管設備 に集める</p>
			<p space="4" />
			<p>- 塵埃収集器から取り出せる副産物は、必ず 回収してください</p>
			<p space="12" />
			<p>※英語名と日本語訳名</p>
			<p>Flue Gas/ 燃料ガス - (気体)</p>
		</page>

		<page id="quest_06_03">
			<link ref="main:index_03" color="#CC3333">&lt;- 03: 新生活</link>
			<p>触媒を使用している全ての機械の下部には、独自の回復システムを設置できます。 プラント下部にある適切なプラグ取り付け位置を必ず確認してください。</p>
			<p space="6" />
			<p color="#0000FF">タスク-目標</p>
			<p>- プラントの下部において、触媒再生容器を 構築する</p>
			<p space="4" />
			<p>- 入力側容器に燃料ガスを接続させる</p>
			<p space="4" />
			<p>- 再生容器に水を供給する</p>
			<p space="4" />
			<p>- これを有効化させる 必要なときになれば、自動で触媒の再生を開始します。</p>
			<p space="4" />
			<p>- 再生工程で残される副産物の回収を、必ず 行ってください。</p>
		</page>

		<page id="quest_07_01">
			<link ref="main:index_03" color="#CC3333">&lt;- 01: 全てのドロップが重要</link>
			<p>ガスとしても水溶液としても、アンモニアは 生産において重要な役割を果たします。 液体状のものを入手する手段は複数存在します。</p>
			<p space="6" />
			<p color="#0000FF">タスク-目標</p>
			<p>- ガス凝縮器を構築する</p>
			<p space="4" />
			<p>- 気体のアンモニアを入力側容器に接続させ る</p>
			<p space="4" />
			<p>- 出力側タンクを液体の保管設備へ接続させ る</p>
			<p space="4" />
			<p>- ProTip: 凝縮器のガス消費速度はとても早いため、 より良い運用方法の検討を行ってください。 凝縮器の稼働を一定時間ごとに切り替える、 ON-OFFタイマーを設定できます。</p>
			<p space="12" />
			<p>※英語名と日本語訳名</p>
			<p>Liquid Ammonia/ 液化アンモニア</p>
			<p>Liquid Nitrogen/ 液体窒素</p>
			<p>Liquid Oxygen/ 液体酸素</p>
		</page>

		<page id="quest_07_02">
			<link ref="main:index_03" color="#CC3333">&lt;- 02: アンモニアの50の境界</link>
			<p>液化アンモニアを入手する別の方法は、合成ガスのプラントで取り出されたコールタールから搾り出すことです。 数mb分程度ですが、長期的にはこの積み重ねが効いてくるはずです。 コールタールは多数の用途を持った資源ですので、全てのタールをここに振り分けてはいけません。</p>
			<p space="6" />
			<p color="#0000FF">タスク-目標</p>
			<p>- ヘビィドラムを配置し、化合物からコール タールを搾り出す</p>
			<p space="4" />
			<p>- 独立したペースで稼働させるため、この作 業を専門に行わせるもう一つのラボ・オーブンを構築する</p>
			<p space="4" />
			<p>- ラボ・オーブンに液体と固体アイテムの 保管設備ネットワークを結びつける 素材の変換が行われていることを確認しましょう。</p>
			<p space="12" />
			<p>※英語名と日本語訳名</p>
			<p>Coal Tar/ コールタール</p>
		</page>

		<page id="quest_07_03">
			<link ref="main:index_03" color="#CC3333">&lt;- 03: 沈み具合</link>
			<p>液化アンモニアを入手するさらなる手段は、合成ガスの精製によって得られる飛灰の化合物(フライアッシュ)を再利用することです。 それを構成する粒子の中から、幾分かの液化アンモニアを取り出すことが可能です。</p>
			<p space="6" />
			<p color="#0000FF">タスク-目標</p>
			<p>- 沈殿チャンバーを構築する</p>
			<p space="4" />
			<p>- 液体と固体の保管設備ネットワークを機械 に結びつける 機械に素材がたどり着いていることを確認しましょう。</p>
			<p space="4" />
			<p>- 以前のラボ・オーブンのレシピサーバーに ファイルを追加し、新しく得られる素材から液化アンモニアを取り出す</p>
		</page>

		<page id="quest_07_04">
			<link ref="main:index_03" color="#CC3333">&lt;- 04: チューブを下る</link>
			<p>アンモニアを入手する最後の方法は、固定層反応器を使用することです。</p>
			<p space="6" />
			<p color="#0000FF">タスク-目標</p>
			<p>- 固定層反応器を構築する</p>
			<p space="4" />
			<p>- 入力側容器をガスの保管設備に接続させる</p>
			<p space="4" />
			<p>- 出力側容器、入れ替え用容器をガスの保管 設備に接続させる</p>
			<p space="4" />
			<p>- 中央部に触媒を供給する</p>
			<p space="4" />
			<p>- ProTip: フィルタスロットにある薄い空気の存在は気にしないでください。 これは置き換え(プレースホルダ―)用の単なるダミーです。</p>
			<p space="4" />
			<p>- ProTip: 大きなレシピが計画されていない限り、未使用の入力側容器は省略することができます。</p>
			<p space="12" />
			<p>※英語名と日本語訳名</p>
			<p>Hydrogen/ 水素 - (気体)</p>
			<p>Water Vapour/ 水蒸気 - (気体)</p>
			<p>Propylene/ プロピレン - (気体)</p>
			<p>Acrylic Acid/ ポリアクリル酸</p>
		</page>

		<page id="quest_07_05">
			<link ref="main:index_03" color="#CC3333">&lt;- 05: 最後に大事なのは</link>
			<p>この時点では、鉱物の処理を本格的に開始するための液体が一つだけ欠けています。 それはシアン化ナトリウムです。</p>
			<p space="6" />
			<p color="#0000FF">タスク-目標</p>
			<p>- シアン化ナトリウムを生成するために、酸 専用のラボ・オーブンのレシピサーバーに新しいファイルを追加する</p>
			<p space="4" />
			<p>- 液体の保管設備ネットワークをラボ・オー ブンに結び付ける 素材の入れ替えが行われていることを確認しましょう。</p>
			<p space="4" />
			<p>- サイクルをとおして、キュー(順番待ちして いる作業内容)を乱していないことを確認する</p>
			<p space="12" />
			<p>※英語名と日本語訳名</p>
			<p>Sodium Cyanide/ シアン化ナトリウム</p>
		</page>

		<page id="quest_07_06">
			<link ref="main:index_03" color="#CC3333">&lt;- 06: 史上最悪の売上</link>
			<p>次にある浸出の段階で重要となるリソースは水蒸気です。 このリソースの一部をまかなうために専用のプラントを建てるのも良いでしょう。</p>
			<p space="6" />
			<p color="#0000FF">タスク-目標</p>
			<p>- ガス化プラントを構築する</p>
			<p space="4" />
			<p>- 液体槽と燃焼室の両方に水の供給を行う</p>
			<p space="4" />
			<p>- 大規模な保管設備に水蒸気を集める</p>
			<p space="4" />
			<p>- ProTip: この場合は副産物が残らないため、塵埃収集器の設置を省くことができます。</p>
		</page>

		<page id="quest_08_01">
			<link ref="main:index_04" color="#CC3333">&lt;- 01: 一つは全て</link>
			<p>倉庫設備の中に、使用される成分の全てが揃い、未調査の鉱物の中にあるものを確認するときがやってきました。 最初の段階では、その構成を大まかに分類するために粉砕を行います。 どういった方針をもってこの工程を処理してゆくかは、プレイヤー自身が決定しなければなりません。</p>
			<p space="6" />
			<p color="#0000FF">タスク-目標</p>
			<p>- 鉱物選別機を構築する</p>
			<p space="4" />
			<p>- 必要な脈石を取り出すために、粉砕レベル( Comminution)を設定する</p>
			<p space="4" />
			<p>- 機械を稼働させ続け、出力されるものを大 きな保管設備に集める</p>
			<p space="4" />
			<p>- レシピサーバーは、それぞれの粉砕処理を 順番に実行させ続けるのに役立ちます。</p>
		</page>

		<page id="quest_08_02">
			<link ref="main:index_04" color="#CC3333">&lt;- 02: 振らずに、攪拌 vol.1</link>
			<p>取り出された全ての脈石がどの標本に関連しているのかを明らかにする必要があります。 目的の標本を安定して取り出すため、2段階の酸で脈石を処理します。 どちらの構造体であっても、プレイヤーは自身でフィルタ設定を行い、機械の動作方法を決定させる必要があります。</p>
			<p space="6" />
			<p color="#0000FF">タスク-目標</p>
			<p>- リーチングバットを構築する</p>
			<p space="4" />
			<p>- 密封槽に液体の保管設備ネットワークを接 続させ、圧力容器には水蒸気を供給する</p>
			<p space="4" />
			<p>- タンクに攪拌ロッドを搭載させる</p>
			<p space="4" />
			<p>- 標本の回収を行うために、機械の比重( gravity)レベルを選択する アップグレードを適用させると、選択する範囲を微調整できるようになります。</p>
			<p space="4" />
			<p>- レシピサーバーは、それぞれのレベルの処 理を自動で実行させるのに役立ちます。</p>
		</page>

		<page id="quest_08_03">
			<link ref="main:index_04" color="#CC3333">&lt;- 03: 振らずに、攪拌 vol.2</link>
			<p>浸出工程の第2段階でも同じような操作を行いますが、分析する素材はリーチングバットから取り出した浸出液を使用します。 さらなる酸分解と反応により、より多くの標本を取り出すことができます。</p>
			<p space="6" />
			<p color="#0000FF">タスク-目標</p>
			<p>- リテンションバットを構築する</p>
			<p space="4" />
			<p>- 密封槽に液体の保管設備ネットワークを接続させ、圧力容器には水蒸気を供給する</p>
			<p space="4" />
			<p>- 密封層に攪拌ロッドを搭載する</p>
			<p space="4" />
			<p>- 標本の回収を行うために、機械の比重( gravity)レベルを選択する アップグレードを適用させると、選択する範囲を微調整できるようになります。</p>
			<p space="4" />
			<p>- レシピサーバーは、それぞれのレベルの処 理を自動で実行させ続けるのに役立ちます。</p>
			<p space="12" />
			<p>※英語名と日本語訳名</p>
			<p>Leachate/ 浸出液</p>
		</page>

		<page id="quest_08_04">
			<link ref="main:index_04" color="#CC3333">&lt;- 04: 全ては塵に</link>
			<p>製造の最終段階にやってきました。 ここでは標本をさらに詳しく分析し、それを構成している元素の分離を行います。 処理工程の成果は大きなキャビネットの中に保管され、微量天びんから粉のかたちで取り出すことができます。</p>
			<p space="6" />
			<p color="#0000FF">タスク-目標</p>
			<p>- ケミカルエクストラクターを構築する</p>
			<p space="4" />
			<p>- 液体入力機構に液体の保管設備ネットワー クを接続させる</p>
			<p space="4" />
			<p>- ガラス機材の格納器とキャビネットの中に 消耗品アイテムを入れる</p>
			<p space="4" />
			<p>- 安定化装置の中に触媒を入れ、その下部に 触媒再生器を配置する</p>
			<p space="4" />
			<p>- 機械において、元素の回収を行う強度( intensity)の選択を行う</p>
			<p space="4" />
			<p>- ProTip: 資源を節約するために、利益を出せる強度が選択されていることを確認してください。 標本の中には、強度を高く設定する必要のないものもあります。</p>
			<p space="4" />
			<p>- 保管設備と微量天びんを接続させる 利用可能な全ての粉をすぐに取り出すことができます。</p>
		</page>

		<page id="quest_09_01">
			<link ref="main:index_04" color="#CC3333">&lt;- 01: 鉱山と鋼鉄</link>
			<p>全ての粉を利用できるようになると、いずれかの合金の製造が可能になります。 これらは様々な作業や工場のアップグレードの作成に使用することができます。</p>
			<p space="6" />
			<p color="#0000FF">タスク-目標</p>
			<p>- 合金精錬装置を構築する</p>
			<p space="4" />
			<p>- 機械に鋳造パターンを入れ、製造する合金 の種類を選択する</p>
			<p space="4" />
			<p>- キャビネット上部から、選択したレシピを 完成させるのに十分な量の粉素材を供給する</p>
		</page>

		<page id="quest_09_02">
			<link ref="main:index_04" color="#CC3333">&lt;- 02: 熱気を吸い込む</link>
			<p>高度な素材を製造する別の手段として、特定の物質と反応させて変異させたものを取得することができます。</p>
			<p space="6" />
			<p color="#0000FF">タスク-目標</p>
			<p>- 蒸着チャンバーを構築する</p>
			<p space="4" />
			<p>- 入力側容器とガスの保管設備を接続させる</p>
			<p space="4" />
			<p>- 出力側容器とガスの保管設備を接続させ、 原料の入れ替えに備える</p>
			<p space="4" />
			<p>- 作業をより効率的にさせるために、機械下 部内に必要なアップグレードを追加する</p>
			<p space="4" />
			<p>- 実行する処理工程の選択を行う</p>
		</page>

		<page id="quest_09_03">
			<link ref="main:index_04" color="#CC3333">&lt;- 03: クリスタルクリア</link>
			<p>最後に使用する機械装置では、人工結晶( 合成結晶)の製造が行えます。 それらは特定の性質を与える、基礎成分と添加物との組み合わせからできています。</p>
			<p space="6" />
			<p color="#0000FF">タスク-目標</p>
			<p>- 結晶育成炉を構築する</p>
			<p space="4" />
			<p>- 付属の容器へアルゴンを供給する</p>
			<p space="4" />
			<p>- 両方の機械へ素材を供給する</p>
		</page>

	</chapter>

</book>