{
	"title": "バイオガスエンジン",
	"icon": {
		"item": "forestry:engine_biogas"
	},
	"content": [
		[
			{
				"type": "crafting",
				"locations": [
					"forestry:biogas_engine"
				]
			},
			{
				"text": "余分な苗木を処分したい？"
			
			},
			{
				"text": "ミルクの入ったバケツがチェストから溢れそう？",
				"paragraph": true
			},
			{
				"text": "あなたのファームを稼働させるために、バイオガスエンジンを活用しましょう！",
				"paragraph": true
			},
			{
				"text": "バイオガスエンジンは",
				"paragraph": true
			}
		], 
		[
			{
				"text": "BuildCraftのエンジンと同じように、ﾚｯﾄﾞｽﾄｰﾝ信号を 入力する必要があります。 けれども、このエンジンには特異な点が存在します。 熱量超過によって爆発することはありませんが、最低限の温度を必要とします。 麗しい燃料でエンジンを満たすことはできても、それだけでは始動させられません。 その理由はエンジンが燃料を燃焼させ始める前に、特定の温度に達している必要がある、ということです。"
			}
		],
		[
			{
				"text": "エンジンを新しく配置、 または冷えてしまった時 (燃料を使い果たし、長時間待機状態だった場合) エンジンを始動させるためには、右側の二次タンクに溶岩を入れる必要があります。 溶岩の熱で暖機され始め、最低作動温度に達すると、エンジンはエネルギーの生成を開始します。 エネルギーの生成はそれ自体が熱を発生させます。"
			}
		],
		[
			{
				"text": "従って暖機による始動の後に稼働を継続するﾊﾞｲｵｶﾞｽｴﾝｼﾞﾝは、与えられた溶岩をそれ以上消費することもなく、自身の熱量を保ち続けます。 稼働中にﾚｯﾄﾞｽﾄｰﾝ信号が 切られた場合、燃料の燃焼は一時的に完全に停止されます。燃料は失われませんが、エンジンが長時間オフの状態にあった場合は、ﾚｯﾄﾞｽﾄｰﾝ信号によって稼働を再開する際に再び溶岩を消費します。"
			},
			{
				"text": "けれども例外があります。",
				"paragraph": true
			}
		],
		[
			{
				"text": "バイオマスやハチミツ, 果汁液,シードオイルの 場合は、暖機以外に溶岩を消費する事は無く稼働します。"
			},
			{
				"paragraph": true,
				"text": "一方で普通の水、またはミルクを燃料とした場合、エンジンは自然に放散されるだけの発熱ができません。 それらを使用するバイオガスエンジンは、供給される溶岩を消費しながら稼働します。"
			}

		],
		[
			{
				"paragraph": true,
				"text": "水やミルクを燃料としたエンジンは、必ず二次タンク内の溶岩を使い果たし、 エネルギーの生産を停止させます。けれどもそれが必要なのであれば、BuildCraftなどのパイプを配し、溶岩を供給して使うことも可能です。"
			}
		]
	]
}