{
	"title": "泥炭土",
	"icon":{
		"item": "forestry:bog_earth"
	},
	"content": [
		[
			{
				"type": "crafting",
				"locations": [
					"forestry:bucket_bog_earth",
					"forestry:can_bog_earth",
					"forestry:capsule_bog_earth",
					"forestry:refractory_capsule_bog_earth"
				]
			},
			{
				"text": "水の側で浸けておくと、ゆっくりと泥炭に変化します。"
			}
		],
		[
			{
				"type": "carpenter",
				"stack": {
					"item": "forestry:bog_earth"
				}
			}
		]
	]
}