{
	"title": "瓶詰装置",
	"icon": {
		"item": "forestry:bottler"
	},
	"content": [
		[
			{
				"text": "この装置はカプセル, ブリキ缶,バケツなどに対し、液体の充填/排出を行わせることができる機械です。 機械の動作にはエネルギーを消費しますが、隣接するブロックへ液体を排出する動作にはエネルギーを必要としません。"
			},
			{
				"paragraph": true,
				"text": "機械の動作にはエネルギーが必要ですが、隣接するブロックへ液体を排出する動作にはエネルギーを消費しません。"
			}

		],
		[
			{
				"paragraph": true,
				"type": "crafting",
				"locations": [
					"forestry:bottler"
				]
				
			}
		]
	]
}