{
	"title": "工作装置",
	"icon": {
		"item": "forestry:carpenter"
	},
	"content": [
		[
			{
				"type": "crafting",
				"locations": [
					"forestry:carpenter"
				]
			},
			{
				"text": "工作装置はそれ自体が固有のレシピセットを持っていることを除けば、 Buildcraftの自動作業台に類似しています。 たとえばこれは、石を石レンガへ自動クラフトすることはできません。"
			}
		],
		[
			{
				"text": "工作装置の主な仕事は、 泥地や腐葉土の作成、 またアイテムやブロックを[梱包]し、収納をコンパクトにすることです。 (この機械なしでこれらのアイテムを作成する手段はありますが、効率的ではありません)",
				"paragraph": true
			},
			{
				"text": "Forestryや他のMODに必要な機械,ツール,アイテム、 また携帯型分析装置やバックパックの作成にも使われます。",
				"paragraph": true
			}
		]
	]
}