{
	"title": "機械の筐体",
	"icon":{
		"item": "forestry:sturdy_machine"
	},
	"content": [
		[
			{
				"text": "筐体は、ほぼ全ての機械の製造に使用する構成部品です。"
			},
			{
				"type": "crafting",
				"locations": [
					"forestry:sturdy_casing"
				]
			}
		],[
			{
				"paragraph": true,
				"type": "carpenter",
				"stacks": [
					{
						"item": "forestry:hardened_machine"
					},
					{
						"item": "forestry:impregnated_casing"
					}
				]
			},
			{
				"paragraph":true,
				"type": "fabricator",
				"stack": {
					"item": "forestry:flexible_casing"
				}
				
			}
		]
	]
}