{
	"title": "回路基板",
	"icon":{
		"item": "forestry:chipsets"
	},
	"content": [
		[
			{
				"type": "carpenter",
				"stacks": [
					{
						"item": "forestry:chipsets",
						"data": 0,
						"nbt": "{\"T\":0s}"
					},
					{
						"item": "forestry:chipsets",
						"data": 1,
						"nbt": "{\"T\":1s}"
					},
					{
						"item": "forestry:chipsets",
						"data": 2,
						"nbt": "{\"T\":2s}"
					},
					{
						"item": "forestry:chipsets",
						"data": 3,
						"nbt": "{\"T\":3s}"
					}
				]
			}
			
		],
		[
			{
				"paragraph": true,
				"text": "はんだごてを使用して回路基板に真空管を取り付けることができます。 完成したものは機械GUIの ソケットへ配置することができます。"
			},
			{
				"paragraph": true,
				"text": "ソケットからの取り出しにも、はんだごてを使用します。"
			}
		]
	]
}