{
	"title": "ゼンマイエンジン",
	"icon": {
		"item": "forestry:engine_clockwork"
	},
	"content": [
		[
			{
				"type": "crafting",
				"locations": [
					"forestry:clockwork_engine"
				]
			},
			{
				"text": "ゼンマイ仕掛けのこのエンジンは、ゲーム序盤の動力源として優れた一品です。 巻いた回数に応じて 5~15RF/tickを出力します。 エンジンブロックを右クリックすると巻き上げが行われ、稼働し続けるにつれて"
			}
		], 
		[
			{
				"text": "tickごとの出力が徐々に失われてゆきます。"
			},
			{
				"text": "ゼンマイエンジンにはGUIがありません。 エンジンの巻き上げを行うには、ブロックとしてワールドに配置し、右クリックをしてください。 巻き上げ中は出力が止まりますが、その間エンジンの状態(色)は維持されます。",
				"paragraph": true
			},
			{
				"text": "エンジンが赤色に変わったら、それ以上巻き上げを行うのはおススメしません。 過剰に巻かれたバネは大変危険です。",
				"paragraph": true
			}
		]
	]
}