{
	"title": "電子工作機",
	"icon": {
		"item": "forestry:fabricator"
	},
	"content": [
		[
			{
				"text": "電子工作機は真空管を始めとするガラスを扱った製造に使用され、Redstone Flux (RF)エネルギーを必要とします。"
			},
			{
				"paragraph": true,
				"text": "稼働させるには一定の熱量が必要であり、機械自体の発熱量は、供給されるエネルギーの量によって決まります。 熱量を維持するのに十分なエネルギーを供給しなければ、温度はゆっくりと低下してゆきます。"
			}
		],
		[
			{
				"type": "crafting",
				"locations": [
					"forestry:fabricator"
				]
			}
		]
	]
}