{
	"title": "発酵槽",
	"icon": {
		"item": "forestry:fermenter"
	},
	"content": [
		[
			{
				"type": "crafting",
				"locations": [
					"forestry:fermenter"
				]
			},
			{
				"text": "発酵槽は苗木やサトウキビなどの有機物からバイオマスを生成する機械であり、それらはバイオガスエンジンやバイオ発電機の燃料として使用できます。"
			}
		],
		[
			{
				"paragraph": true,
				"text": "花蜜やハチミツから、 蜂蜜酒(無希釈)の製造が行えます。"
			},
			{
				"text": "触媒として、化学肥料, マルチ,堆肥などの発酵アイテムが必要です。 各アイテムにはそれぞれの特質が設けられています。",
				"paragraph": true
			},
			{
				"text": "この機械で製造された液体は、カンや瓶などに充填したり、Buildcraftの防水パイプで搬出させることができます。",
				"paragraph": true
			}
		]
	]
}