{
	"title": "腐葉土",
	"icon":{
		"item": "forestry:humus"
	},
	"content": [
		[
			{
				"type": "crafting",
				"locations": [
					"forestry:compost_humus",
					"forestry:fertilizer_humus"
				]
			},
			{
				"paragraph": true,
				"text": "植物が良く育ち、水を必要としない豊かな土壌です。 時間が経過するにつれて肥沃度が無くなり、砂に変化します。"
			}
		],
		[
			{
				"paragraph": true,
				"type": "carpenter",
				"stack": {
					"item": "forestry:humus"
				}
			}
		]
	]
}