{
	"title": "バイオ発電機/Bio Generator",
	"icon": {
		"item": "forestry:engine_generator"
	},
	"content": [
		[
			{
				"type": "crafting",
				"locations": [
					"forestry:ic2_generator"
				]
			},
			{
				"text": "IC2を導入している場合、バイオマス、またはバイオ燃料を使用して、IC2機械を稼働させるEUを生成できます。"
			},
			{
				"text": "生産されるエネルギー量は燃料によって変わりますが、バイオ燃料の方がはるかに多くのエネルギーを生み出せるでしょう。",
				"paragraph": true
			},
			{
				"text": "IC2のケーブルを接続",
				"paragraph": true,
				"underlined": true
			},
			{
				"text": "\n"
			},
			{
				"text": "バイオ発電機にIC2の機械、またはストレージユニットを直接接続、または銅ケーブルなど、最低で低電圧(LV)に対応しているケーブル類を使用できます。"
			},
			{
				"text": "超低圧のケーブル(錫ケーブル)では機能しません！",
				"paragraph": true
			}
		]
	]
}