{
	"title": "加湿装置",
	"icon": {
		"item": "forestry:moistener"
	},
	"content": [
		[
			{
				"text": "小麦や種子などに水分を加え、キノコファームに使用される菌糸類を培養することができる装置です。 苔むした石レンガや、丸石の作成も行えます。"
			},
			{
				"text": "加湿装置は、暗所において最適に稼働します。",
				"paragraph": true
			}
		],
		[
			{
				"type": "crafting",
				"locations": [
					"forestry:moistener"
				]
			}
		]
	]
}