{
	"title": "鉱石類",
	"icon":{
		"item": "forestry:resources",
		"data": 1
	},
	"content": [
		[
			{
				"text": "Forestryでは地形生成に3つの鉱石を追加します: 銅,錫,アパタイトの各鉱石は、肥料から機械にまで、さまざまな用途を持っています。"
			},
			{
				"text": "アパタイト(燐灰石)/Apatite",
				"underlined": true,
				"paragraph": true
			},
			{
				"text": "\n"
			},
			{
				"text": "Y56以上の高さ場所で比較的よく見られますが、鉱脈としてまとまっていることは稀な鉱石です。 ツルハシで採掘すると1~4のアパタイト(宝石)を得られ、肥料の原料などとして使用します。"
			}
		],
		[
			{
				"text": "幸運ｴﾝﾁｬﾝﾄを使用すればドロップ率を上げることができ、ｼﾙｸﾀｯﾁでブロックとして回収できます。 (アパタイト鉱石を精錬することはありませんが、 保管するには役立ちます)"
			},
			{
				"text": "銅/Copper",
				"underlined": true,
				"paragraph": true
			},
			{
				"text": "\n"
			},
			{
				"text": "一般的に青銅(ブロンズ)の製造に用いられる鉱石であり、それは後にツールや機械で使用されます。"
			},
			{
				"text": "Y32以上の高さの場所で良く見られ、採掘すると銅鉱石としてドロップされます。",
				"paragraph": true
			}
		],
		[
			{
				"text": "錫/Tin",
				"underlined": true
			},
			{
				"text": "\n"
			},
			{
				"text": "錫は青銅、ツール、カンの製造によく使われる鉱物です。"
			},
			{
				"text": "Y16以上の高さの場所に生成され、採掘すると錫鉱石としてドロップされます。",
				"paragraph": true
			}
		]
	]
}