{
	"title": "泥炭エンジン",
	"icon": {
		"item": "forestry:engine_peat"
	},
	"content": [
		[
			{
				"type": "crafting",
				"locations": [
					"forestry:peat_engine"
				]
			},
			{
				"text": "このエンジンは燃料として泥炭を燃焼させ(または上位の瀝青質の泥炭)、副産物として灰を排出します。"
			}
		], 
		[
			{
				"paragraph": true,
				"text": "1つの泥炭は5000tickの間燃焼し、 1tickに10RFを生成します。 泥炭1つは0.66分の灰を生成し、3つ燃焼させることで2つの灰が得られます。"
			},
			{
				"paragraph": true,
				"text": "瀝青質の泥炭は6000tickの間燃焼し、20RF/tickを生成します。"
			}
		]
	]
}