{
	"title": "携帯型分析装置",
	"icon":{
		"item": "forestry:portable_alyzer"
	},
	"content": [
		[
			{
				"type": "carpenter",
				"stack":{
					"item": "forestry:portable_alyzer"
				}
			},
			{
				"text": "ここにおける遺伝学については、かなりの誤解と混乱を招く可能性があります。 全ての子は多少のランダムと両親によって独自のゲノムを構築してゆきます。 生まれが同じもの同士のみで交配させ続けない限り、です。"
			}
		],
		[
			{
				"text": "森林の中は興味深いゲノム情報を有した沢山の標本に満ちています。 けれどそのゲノム(遺伝子情報)を取り出す作業はどこで行うのでしょう？ 幸運なことに、携帯型の分析装置がここにあり、木々や蝶などの標本から仔細に情報取り出すための穏便な手段を提供してくれます。 欲しい知識を教えてもらうには、花蜜か巣蜜のドロップを用意して、標本をなだめましょう。 暴れているままでは手が出せませんからね。"
			}
		]
	]
}