{
	"title": "人工降雨装置",
	"icon": {
		"item": "forestry:rainmaker"
	},
	"content": [
		[
			{
				"type": "crafting",
				"locations": [
					"forestry:rainmaker"
				]
			},
			{
				"paragraph": true,
				"text": "配置されたのち、人工降雨装置は雨雲発生剤/雨雲分散剤が搭載されるのを待機します。"
			}
		],
		[
			{
				"text": "搭載された雨雲発生剤は雨を降らせ、雨雲分散剤は雨を霧散させます。",
				"paragraph": true
			},
			{
				"text": "プレイヤーが手に持ってクリックを行うか、パイプ類を使用して挿入を行うことで、搭載が行えます。",
				"paragraph": true
			},
			{
				"text": "発生剤と分散剤は、工作装置で作成できます。",
				"paragraph": true
			}
		]
	]
}