{
	"title": "リソースブロック",
	"icon":{
		"item": "forestry:resource_storage",
		"data": 3
	},
	"content": [
		[
			{
				"type": "crafting",
				"locations": [
					"forestry:apatite_block",
					"forestry:copper_block",
					"forestry:tin_block",
					"forestry:bronze_block"
				]
			},
			{
				"paragraph": true,
				"text": "アパタイトやその他全てのForestryの金属インゴットは、ブロックにまとめ、それをまた戻すことができます。"
			}
		],
		[
			{
				"type": "crafting",
				"locations": [
					"forestry:block_to_apatite",
					"forestry:block_to_copper",
					"forestry:block_to_tin",
					"forestry:block_to_bronze"
				]
			}
		]
	]
}