{
	"title": "はんだごて",
	"icon":{
		"item": "forestry:soldering_iron"
	},
	"content": [
		[	
			{
				"type": "carpenter",
				"stack": {
					"item": "forestry:soldering_iron"
				}
			},
			{
				"text": "はんだごては、回路基板に真空管の取り付けを行うために用いられ、電気エンジンやマルチファームへのプログラミングを施します。 そのほかに、圧搾装置や遠心分離機のアップグレードにも使われます。"
			}
		],
		[
			{
				"paragraph": true,
				"text": "一度回路基板に取り付けられた真空管を回収することはできませんが、置き換えることは可能です。"
			},
			{
				"paragraph": true,
				"text": "回路基板は基本的なレシピの必要条件が満たされると即座に自動で作成されてしまいます。 真空管の配置を済ませてから回路基板を入れるのがおすすめです。"
			}
		]
	]
}