{
	"title": "圧搾装置",
	"icon": {
		"item": "forestry:squeezer"
	},
	"content": [
		[
			{
				"text": "圧搾装置はアイテムから液体を絞り出すことを目的とした機械です。 たとえば巣蜜からは液体のハチミツを絞り出すことができます。"
			},
			{
				"text": "また、カン,瓶,ｶﾌﾟｾﾙの中から液体を取り出すことにも使用できます。",
				"paragraph": true
			},
			{
				"text": "ただし液体の容器の資源を回収できる確率はわずかです。(錫インゴットなど)",
				"paragraph": true
			}
		],
		[
			{
				"type": "crafting",
				"locations": [
					"forestry:squeezer"
				]
			}
		]
	]
}