{
	"title": "蒸留精製機",
	"icon": {
		"item": "forestry:still"
	},
	"content": [
		[
			{
				"type": "crafting",
				"locations": [
					"forestry:still"
				]
			},
			{
				"paragraph": true,
				"text": "蒸留精製機はバイオマスを10:3の比率でエタノールに精製できる機械です。 (ﾊﾞｲｵﾏｽをﾊﾞｹﾂ10杯分処理するごとに、ｴﾀﾉｰﾙがﾊﾞｹﾂ3杯分が得られます)"
			}
		], 
		[
			{
				"text": "Buildcraftを導入している場合、同じような処理をリファイナリーで4:1の比率で行えます。"
			},
			{
				"text": "エタノールはその後、 IndustrialCraft2用の機械でEUを生成、またはBuildcraftの鉄エンジンやバイオ発電機の燃料として活用できます。 バイオガスエンジンには使用できません。",
				"paragraph": true
			},
			{
				"text": "つまりIC2やBCが導入されていなければ、この機械はあまり役に立ちません。",
				"paragraph": true
			}
		]
	]
}