{
	"title": "真空管",
	"icon":{
		"item": "forestry:thermionic_tubes"
	},
	"content": [
		[
			{
				"type": "fabricator",
				"stacks": [
					{
						"item": "forestry:thermionic_tubes",
						"data": 0
					},
					{
						"item": "forestry:thermionic_tubes",
						"data": 1
					},
					{
						"item": "forestry:thermionic_tubes",
						"data": 2
					},
					{
						"item": "forestry:thermionic_tubes",
						"data": 3
					},
					{
						"item": "forestry:thermionic_tubes",
						"data": 4
					},
					{
						"item": "forestry:thermionic_tubes",
						"data": 5
					},
					{
						"item": "forestry:thermionic_tubes",
						"data": 6
					},
					{
						"item": "forestry:thermionic_tubes",
						"data": 7
					},
					{
						"item": "forestry:thermionic_tubes",
						"data": 8
					},
					{
						"item": "forestry:thermionic_tubes",
						"data": 9
					},
					{
						"item": "forestry:thermionic_tubes",
						"data": 10
					},
					{
						"item": "forestry:thermionic_tubes",
						"data": 11
					},
					{
						"item": "forestry:thermionic_tubes",
						"data": 12
					},
					{
						"item": "forestry:thermionic_tubes",
						"data": 13
					}
				]
			},
			{
				"paragraph": true,
				"text": "真空管ははんだごてを使用して、回路基板に取り付けることができます。"
			}
		],
		[
			
			{
				"paragraph": true,
				"text": "ツールチップにはそれぞれの使用目的などが記されており、はんだごてのGUIの中で選択できる場所によって、発揮される効果が異なります。"
			},
			{
				"paragraph": true,
				"text": "一度はんだ付けを行うと、それを回路基板から取り外すことはできません。"
			}
		]
	]
}