{
	"title": "加工作業台/Worktable",
	"icon":{
		"item": "forestry:worktable"
	},
	"content": [
		[
			{
				"text": "最後に使用した9つのレシピを履歴として記憶する、手動のクラフトテーブルです。 右側に表示されているレシピの一つを左クリックすると、自動的にクラフトグリッドへ配置が行われます。 右クリックで記憶されているレシピをロックし、新しいレシピで上書きされないようにできます。"
			},
			{
				"text": "素材は内部インベントリに入っている必要があり、クラフトの配列は視覚的な表現にすぎません。",
				"paragraph": true
			}
		],
		[
			{
				"type": "crafting",
				"locations": [
					"forestry:worktable"
				]
			}
		]
	]
}