{
  "title":"",
  "text": [
    {
      "text": "3x3から11x11までの任意の大きさ(x,z)、最低3から任意の高さ(y)でティンカータンクを構築することができます。構造が大規模になるほど保持できる液体の容量が大きくなります。 有効な構造体にするためには、構造全体を囲む枠、床、天井が必要です。"
    },
    {
      "text": "ティンカータンクには、焼成ブロック、焼成ガラス、製錬炉の配液部を組み込んで構築することができます。 床や天井,枠の部分は、焼成ブロック、または製錬炉の配液部のどちらかを使ってください。 1つのティンカータンクの制御部を組み込んでください。 天井以外のどの層にも配置できますが、枠の外側端には配置しないでください。 天井部分には、ハーフブロックや階段を下向きに置くことで構造の一部として使うことができます。",
	  "paragraph": true
    }
  ]
}