{
	"title": "トレードカタログ",
	"icon":{
		"item": "forestry:catalogue"
	},
	"content": [
		[
			{
				"type": "crafting",
				"locations": [
					"forestry:catalogue"
				]
			},
			{
				"text": "この通信販売カタログによって、サーバー上で利用可能なトレードステーションの閲覧が行えます。'利用'ボタンをクリックすると、ステーション名が記憶され次に手紙を使う際に自動で設定が行われます。"
			}
		]
	]
}