{
	"title": "郵便物",
	"icon":{
		"item": "forestry:letters"
	},
	"content": [
		[
			{
				"type": "crafting",
				"locations": [
					"forestry:letter",
					"forestry:letter_recycling"
				]
			},
			{
				"text": "郵便物を郵便ボックスに投函することで、他の郵便ボックスやトレードステーションへ発送することができます。",
				"paragraph": true
			}
		],
		[
			{
				"text": "郵便物を投函するには、 それを手にもって郵便ボックス右クリックしてください。",
				"paragraph": true
			},
			{
				"text": "送る際には切手が必要になります。",
				"paragraph": true
			}
		]
	]
}