{
	"title": "郵便ボックス",
	"icon":{
		"item": "forestry:mailbox"
	},
	"content": [
		[
			{
				"type": "crafting",
				"locations": [
					"forestry:mailbox"
				]
			},
			{
				"text": "サーバー上の他プレイヤーのもとへ素早く郵便物を届けられる、簡単で便利な手段です。 投函された手紙は、宛先の郵便ボックスへ直ちに転送されます。"
			}
		],
		[
			{
				"text": "プレイヤーが郵便ネットワークへ加わるためには、ワールド上に郵便ボックス設置します。自宅の前など、簡単にアクセスできるような場所が適しています。 郵便物はプレイヤー間でやり取りされるメモのようなものですが、いくらかのアイテムを添付することもできます。 これらのアイテムは郵便ボックスの所有者が開封を行うまでの間、ボックスの中で安全に保管されます。"
			}
		],
		[
			{	
				"text": "郵便ボックスは個人用に設定することができます。 これは他人による破壊を防ぐことに加え、中にあるアイテムを見られることも防ぎます。"
			}
		]
	]
}