{
	"title": "切手回収機",
	"icon":{
		"item": "forestry:stamp_collector"
	},
	"content": [
		[
			{
				"text": "クラフトで作成することができない、管理用の機械です。"
			},
			{
				"text": "'切手回収機'の名前が指す通り、サーバー上のプレイヤーたちに使用された全ての切手を回収しています。",
				"paragraph": true
			},
			{
				"text": "アクセスする権限を持っている人物であれば、だれでも使用済み切手を取り出すことができます。",
				"paragraph": true
			}
		]
	]
}