{
	"title": "郵便切手",
	"icon":{
		"item": "forestry:stamps"
	},
	"content": [
		[
			{
				"type": "crafting",
				"locations": [
					"forestry:stamps_1n",
					"forestry:stamps_2n",
					"forestry:stamps_5n",
					"forestry:stamps_10n",
					"forestry:stamps_20n",
					"forestry:stamps_50n",
					"forestry:stamps_100n"
				]
			},
			{
				"paragraph": true,
				"text": "切手の価格が高いほど、 手紙に添付できるアイテムの数を増やせます。 テキストのみの手紙を送るには、1n切手で十分です。"
			}
		],
		[
			{
				"type": "carpenter",
				"stacks": [
					{
						"item": "forestry:stamps",
						"data": 0
					},
					{
						"item": "forestry:stamps",
						"data": 1
					},
					{
						"item": "forestry:stamps",
						"data": 2
					},
					{
						"item": "forestry:stamps",
						"data": 3
					},
					{
						"item": "forestry:stamps",
						"data": 4
					},
					{
						"item": "forestry:stamps",
						"data": 5
					},
					{
						"item": "forestry:stamps",
						"data": 6
					}
				]
			},
			{
				"paragraph": true,
				"text": "アイテムは手紙の中に封入され、そのアイテムの合計数に応じて追加の1n切手、または同額の単位の切手が必要になります。"
			}
		]
	]
}