{
  "title":"",
  "text": [
    {
      "text": "ハイオーブンの縦/横は3x3の正方形でなくてはならず、高さは最低で3、それ以上は任意の高さにすることができます。 高くされた構造体では、処理できるｱｲﾃﾑの数、液体の容量、および内部における最高温度の限界を増加させることができます。 構造物の外観には、辺部分と床、天井が必要です。"
    },
    {
      "text": "ハイオーブンは焦げ色ブロック、投入部、添加部、そして配液部を自由に組み合わせて構築することできます。 配液部や流出口を取り付けると、鋳造台や分流路に液体を注ぎ込むことができます。また、他のMODの液体ﾊﾟｲﾌﾟ等を使用して、配液部から液体の搬入/搬出が行えます。 ハイオーブンの投入部では、ﾎｯﾊﾟｰやその他のｱｲﾃﾑﾊﾟｲﾌﾟで処理するｱｲﾃﾑを搬入、添加部では、酸化剤,還元剤,純化材、および燃料を供給することができます。",
      "paragraph": true
    }
  ]
}