{
	"title": "至適環境フォーマー",
	"icon":{
		"item": "forestry:habitat_former"
	},
	"content": [
		[
			{
				"type": "crafting",
				"locations": [
					"forestry:habitat_former"
				]
			},
			{
				"text": "この装置は、特定領域の気候を操作するために使用します。 GUI左上のスライダーとボタンで、範囲サイズ(1~16)と範囲形状(正方形,球状)を選択できます。 (至適:ｼﾃｷ)"
			}
		],
		[
			{
				"text": "フォーマ―は常に、目標とする気候への到達を目指します。 それには2つのものが必要です。"
			},
			{
				"text": "\n"
			},
			{
				"text": "1つ目は領域の湿度を変化させるための液体です。 (水,溶岩,砕いた氷)"
			},
			{
				"text": "\n"
			},
			{
				"text": "2つ目は領域の温度を変更させるエネルギーです。 (FE/RF/Tesla/MJ) 領域の規模によって、フォーマーに必要な資源の量(液体/ｴﾈﾙｷﾞｰ)が変ります。"
			}
		],
		[
			{
				"text": "現在、4つの方法で気候の選択が行えます。"
			},
			{
				"text": "\n"
			},
			{
				"text": "\n"
			},
			{
				"text": "1. GUI中央上部にあるバーの1つをクリックして、目標とする気候を変更できます。"
			},
			{
				"text": "\n"
			},
				{
				"text": "\n"
			},
			{
				"text": "2. 2つのテキスト欄に、目標とする気候(上)と湿度(下)の値を入力します。 (0~200までの数字)"
			}
		],
		[
			{
				"text": "3. テキスト欄横に用意されている生息地アイコンから1つを選択できます。"
			},
			{
				"text": "\n"
			},
			{
				"text": "\n"
			},
			{
				"text": "4. カーソルに蜂を持ち、生息地の横にある六角形のスロットをクリックします。 それにより、その蜂に適した気候を自動で目標に設定することができます。"
			}
		]
	]
}