{
	"title": "至適環境スクリーン",
	"icon":{
		"item": "forestry:habitat_screen"
	},
	"content": [
		[
			{
				"type": "carpenter",
				"stack":{
					"item": "forestry:habitat_screen"
				}
			},
			{
				"paragraph": true,
				"text": "ブロックを右クリックすることによって、その地点の気候を取得することができるアイテムです。"
			},
			{
				"text": "\n"
			}
		],
		[
			{
				"paragraph": true,
				"text": "これをさらに至適環境フォーマーへｽﾆｰｸ-右ｸﾘｯｸすることによって、フォーマーとスクリーンをリンクさせることができます。 その後スクリーンを使い、フォーマーの影響範囲の確認ができるエリアプレビュー機能の有効化/無効化を操作することができます。"
			}
		]
	]
}