{
  "name": "Animals",
  "icon": "minecraft:spawn_egg:0{EntityTag:{id:\"twilightforest:wild_boar\"}}",
  "category": "entities",
  "advancement": "twilightforest:alt/entities/animals",
  "sortnum": 1100,
  "pages": [
    {
      "type": "entity",
      "advancement": "twilightforest:alt/entities/bighorn_sheep",
      "entity": "twilightforest:bighorn_sheep",
      "text": "things and stuff"
    }, {
      "type": "entity",
      "advancement": "twilightforest:alt/entities/bunny",
      "entity": "twilightforest:bunny",
      "text": "things and stuff"
    }, {
      "type": "entity",
      "advancement": "twilightforest:alt/entities/deer",
      "entity": "twilightforest:deer",
      "text": "things and stuff"
    }, {
      "type": "entity",
      "advancement": "twilightforest:alt/entities/raven",
      "entity": "twilightforest:raven",
      "text": "things and stuff"
    }, {
      "type": "entity",
      "advancement": "twilightforest:alt/entities/squirrel",
      "entity": "twilightforest:squirrel",
      "text": "things and stuff"
    }, {
      "type": "entity",
      "advancement": "twilightforest:alt/entities/wild_boar",
      "entity": "twilightforest:tiny_bird",
      "text": "things and stuff"
    }, {
      "type": "entity",
      "advancement": "twilightforest:alt/entities/wild_boar",
      "entity": "twilightforest:tiny_bird",
      "text": "things and stuff"
    }, {
      "type": "entity",
      "advancement": "twilightforest:alt/entities/penguin",
      "entity": "twilightforest:penguin",
      "text": "things and stuff"
    }
  ]
}