{
    "name": "あなたの最初のリアクター",
    "icon": "bigreactors:reactorcasing",
    "category": "bigreactors:intro",

    "pages": [
        {
            "type": "text",
            "text": "リアクターはﾏﾙﾁﾌﾞﾛｯｸの機械構造体であり、その主な仕事はｴﾈﾙｷﾞｰを生成...、莫大な量を生成することです。$(br2)ﾏﾙﾁﾌﾞﾛｯｸの機械は、ﾜｰﾙﾄﾞ上に配置できる様々なﾌﾞﾛｯｸによって構成されます。$(br2)構築したﾘｱｸﾀｰに動力を与えるためには、ｲｴﾛﾘｳﾑのｲﾝｺﾞｯﾄが必要です。さっそく、ｲｴﾛﾘ$(br)ｳﾑ鉱石を採掘して精錬を開始しましょう！"
        },
        {
            "type": "text",
            "text": "最初のﾘｱｸﾀｰを構築するには、以下にある標準的なﾘｱｸﾀｰﾌﾞﾛｯｸを作成する必要があります:$(br2)$(li)22x 外装材$(li)1x 制御部$(li)1x 制御棒ポート$(li)1x 燃料棒$(li)1x アクセスポート$(li)1x RF出力タップ$(br2)ガラス材ﾌﾞﾛｯｸは実質的にｵﾌﾟｼｮﾝであり、一部の外装材ﾌﾞﾛｯｸと置き換えることができます。"
        },
        {
            "type": "crafting",
            "recipe": "bigreactors:reactorcasingcores",
            "recipe2": "bigreactors:reactorcasing"
        },
        {
            "type": "crafting",
            "recipe": "bigreactors:reactorglass_vanillaglass",
            "recipe2": "bigreactors:reactorcontroller"
        },
        {
            "type": "crafting",
            "recipe": "bigreactors:reactorcontrolrod",
            "recipe2": "bigreactors:reactorfuelrod_vanillaglass"
        },
        {
            "type": "crafting",
            "recipe": "bigreactors:reactoraccessport",
            "recipe2": "bigreactors:reactorpowertaprf"
        },
        {
            "type": "text",
            "text": "必要なﾌﾞﾛｯｸを全て作成し、最初のﾘｱｸﾀｰ構築する準備が整いました。$(br2)次の図を元にしてﾜｰﾙﾄﾞ上にﾌﾞﾛｯｸを配置します。$(br2)燃料棒を中央に配置し、外装材をその下に配置します。"
        },
                {
            "type": "multiblock",
            "multiblock": {
                "mapping": {
                    "0": "bigreactors:reactorcasing",
                    "C": "bigreactors:reactorcasing",
                    "F": "bigreactors:reactorfuelrod",
                    "R": "bigreactors:reactorcontrolrod",
                    "A": "bigreactors:reactoraccessport",
                    "E": "bigreactors:reactorpowertaprf",
                    "X": "bigreactors:reactorcontroller"
                },
                "pattern": [
                    [
                        "CCC",
                        "CRC",
                        "CCC"
                    ],
                    [
                        "CCC",
                        "EFA",
                        "CXC"
                    ],
                    [
                        "CCC",
                        "C0C",
                        "CCC"
                    ]
                ]
            }
        },
        {
            "type": "text",
            "text": "全てが正しければ、最後のﾌﾞﾛｯｸを配置すると同時にﾘｱｸﾀｰが形成され、制御部ﾌﾞﾛｯｸを右ｸﾘｯｸして制御ｲﾝﾀｰ$(br)ﾌｪｰｽを開くことができるようになります。$(br2)何も起こらない場合は配置したﾌﾞﾛｯｸを右ｸﾘｯｸしてみてください。なにが問題かを説明してくれるｴﾗｰﾒｯｾｰｼﾞが表示されます。$(br)修正がなされれば、ﾘｱｸﾀｰが形成されるか、また別のｴﾗｰﾒｯｾｰｼﾞが表示されるでしょう。"
        },
        {
            "type": "text",
            "text": "ﾘｱｸﾀｰが出来あがったら、燃料を投入しましょう。$(br2)ｱｸｾｽﾎﾟｰﾄを右ｸﾘｯｸして開き、ﾎﾟｰﾄをInlet(装荷)ﾓｰﾄﾞに設定し、入力ｽﾛｯﾄにｲｴﾛﾘｳﾑｲﾝｺﾞｯﾄを配置します。$(br2)ｲﾝｺﾞｯﾄはすぐにﾘｱｸﾀｰ内に取り込まれ、燃料に変換されます。$(br2)制御部のｲﾝﾀｰﾌｪｰｽを開き、ﾘｱｸﾀｰの稼働をOnにしましょう。"
        },
        {
            "type": "text",
            "text": "ﾘｱｸﾀｰの温度が上昇すると、ｴﾈﾙｷﾞｰがゆっくりと生成されてゆき、内部ｴﾈﾙｷﾞｰﾊﾞｯﾌｧが満たされてゆきます。$(br2)ﾘｱｸﾀｰに蓄えられたｴﾈﾙｷﾞｰを利用するには、何かしらのｴﾈﾙ$(br)ｷﾞｰﾊﾟｲﾌﾟ、または機械自体を出力ﾀｯﾌﾟに接続させます。"
        },
        {
            "type": "text",
            "text": "おめでとうございます!$(br)あなたは最初のﾘｱｸﾀｰを構築することができました!$(br2)これを活用し、ｹﾞｰﾑ序盤に必要な全てのｴﾈﾙｷﾞｰを賄うことができます。$(br)このﾊﾝﾄﾞﾌﾞｯｸの残りの部分を読んだら、また別のﾘｱｸﾀｰとﾀｰﾋﾞﾝの構築へ進みましょう。"
        }
    ]
}