{
    "name": "鉱石類",
    "icon": "bigreactors:oreyellorite",
    "category": "bigreactors:intro",
    "read_by_default": true,
    "pages": [
        {
            "type": "spotlight",
            "item": "bigreactors:oreyellorite",
            "text": "ﾘｱｸﾀｰに動力を供給する、$(br)おきまりの燃料源です。$(br2)ｲｴﾛﾗｲﾄ(ｲｴﾛﾘｳﾑ)の鉱石はほとんど全てのﾊﾞｲｵｰﾑに存在し、精錬してｲｴﾛﾘｳﾑｲﾝｺﾞｯﾄにすることができます。"
        },
        {
            "type": "smelting",
            "recipe": "bigreactors:oreyellorite",
            "text": "ｱｸｾｽﾎﾟｰﾄからｲﾝｺﾞｯﾄ、またはﾌﾞﾛｯｸ形式のｲｴﾛﾘｳﾑを投入し、ﾘｱｸﾀｰの燃料に変換することができます。"
        },
        {
            "type": "spotlight",
            "item": "bigreactors:orebenitoite",
            "text": "この鉱石は、ﾈｻﾞｰ内の奥まった場所で見つけられます。$(br2)見上げる、もしくは見下ろすような地点です。"
        },
        {
            "type": "spotlight",
            "item": "bigreactors:mineralbenitoite",
            "text": "ベニトアイトの結晶にはいくつかの珍しい特性があり、その用途はまだ見つかっていません。"
        },
        {
            "type": "spotlight",
            "item": "bigreactors:oreanglesite",
            "text": "得体の知れないこの鉱石を見つけるには、自身の旅の終わり(ｼﾞｴﾝﾄﾞ)にまで到達しなければならないでしょう。"
        },
        {
            "type": "spotlight",
            "item": "bigreactors:mineralanglesite",
            "text": "美しい色彩と光沢を持ったクリスタルですが、これをどのように活用すれば良いのかは、まだわかっていません。"
        }
    ]
}