{
  "name": "防具類",
  "icon": "twilightforest:ironwood_chestplate",
  "category": "treasures",
  "advancement": "twilightforest:alt/treasures/armors",
  "sortnum": 1100,
  "pages": [
    {
      "type": "text",
      "text": "防具の情報"
    }, {
      "type": "text",
      "advancement": "twilightforest:alt/treasures/ironwood_armor_set",
      "text": "樹鉄の防具"
    }, {
      "type": "text",
      "advancement": "twilightforest:alt/treasures/naga_armor_set",
      "text": "ナーガスケイルの防具"
    }, {
      "type": "text",
      "advancement": "twilightforest:alt/treasures/steeleaf_armor_set",
      "text": "鋼木ノ葉の防具"
    }, {
      "type": "text",
      "advancement": "twilightforest:alt/treasures/fiery_armor_set",
      "text": "灼熱の防具"
    }, {
      "type": "text",
      "advancement": "twilightforest:alt/treasures/knightmetal_armor_set",
      "text": "騎士の防具"
    }, {
      "type": "text",
      "advancement": "twilightforest:alt/treasures/arctic_armor_set",
      "text": "防寒の防具"
    }, {
      "type": "text",
      "advancement": "twilightforest:alt/treasures/yeti_armor_set",
      "text": "イエティの防具"
    }
  ]
}