{
  "name": "護り石",
  "icon": "twilightforest:charm_of_keeping_3",
  "category": "treasures",
  "advancement": "twilightforest:alt/treasures/charms",
  "sortnum": 2100,
  "pages": [
    {
      "type": "text",
      "text": "PLACEHOLDER チャーム品に関する情報"
    }, {
      "flag": "!mod:baubles",
      "type": "twilightforest:gallery",
      "title": "護り石",
      "item_list": "twilightforest:charm_of_keeping_1|twilightforest:charm_of_keeping_2|twilightforest:charm_of_keeping_3",
      "text": "PLACEHOLDER 守護の護石には、死亡後にも様々な物を保持する能力を持っています。 この表記はBAUBLESが導入されていない時に表示されます。"
    }, {
      "flag": "mod:baubles",
      "type": "twilightforest:gallery",
      "title": "護り石",
      "item_list": "twilightforest:charm_of_keeping_1|twilightforest:charm_of_keeping_2|twilightforest:charm_of_keeping_3",
      "text": "PLACEHOLDER 守護の護石には、死亡後にも様々な物を保持する能力を持っています。 この表記はBAUBLESが導入されている時に表示されます。"
    }, {
      "flag": "!mod:baubles",
      "type": "twilightforest:gallery",
      "title": "護り石",
      "item_list": "twilightforest:charm_of_life_1|twilightforest:charm_of_life_2",
      "text": "何かしらの装身具のようですが、裏返すと奇妙な碑文が刻まれています。$(br)\"死も、我らを離しえない\""
    }, {
      "flag": "mod:baubles",
      "type": "twilightforest:gallery",
      "title": "護り石",
      "item_list": "twilightforest:charm_of_life_1|twilightforest:charm_of_life_2",
      "text": "何かしらの装身具のようですが、裏返すと奇妙な碑文が刻まれています。$(br)\"死も、我らを離しえない\"$(br2)どこにでも仕舞える小さな品であり、他のモノと一緒にbaublesに置くことができます。"
    }
  ]
}