{
  "name": "魔法の豆",
  "icon": "twilightforest:magic_beans",
  "category": "treasures",
  "advancement": "twilightforest:alt/treasures/magic_beans",
  "sortnum": 8010,
  "pages": [
    {
      "title": "魔法の豆",
      "type": "twilightforest:headed_spotlight",
      "item": "twilightforest:magic_beans",
      "text": "なんとも巨大な豆です！$(br)こんな大きさの豆が普通の土壌では育たないことは明白です。$(br)ここで見つけたものが自然に育つ場所というのは、とても高い場所から来たに違いありません。"
    }, {
      "type": "spotlight",
      "advancement": "twilightforest:alt/treasures/magic_beanstalk",
      "item": "twilightforest:huge_stalk",
      "text": "豆は土壌の栄養を吸い上げ、その成果は壮観のひとことです。 成長した豆は拙いながら階段に似ていて、まるで私を上へ誘っているかのようです。 私はなにも悪いことをしていないし、恐れてもいません。$(br)自分の道を歩み、陽気な歌を歌いましょう。"
    }
  ]
}