{
  "name": "地図",
  "icon": "twilightforest:magic_map",
  "category": "treasures",
  "advancement": "twilightforest:alt/treasures/maps",
  "sortnum": 1100,
  "pages": [
    {
      "type": "text",
      "text": "地図について"
    }, {
      "type": "spotlight",
      "title": "Magic Map",
      "item": "twilightforest:magic_map",
      "advancement": "twilightforest:alt/treasures/treasures/magic_map",
      "text": "魔法の地図は、バイオームや構造物を見つけるのに役立ちます。"
    }, {
      "type": "spotlight",
      "title": "Maze Map",
      "item": "twilightforest:maze_map",
      "advancement": "twilightforest:alt/treasures/treasures/maze_map",
      "text": "迷宮の地図では、迷路の構造を見ることができます。"
    }, {
      "type": "spotlight",
      "title": "Ore Map",
      "item": "twilightforest:ore_map",
      "advancement": "twilightforest:alt/treasures/treasures/ore_map",
      "text": "鉱石の地図は、地下にあるものと、その鉱石の種類を見ることができます。"
    }
  ]
}