{
  "name": "ミノタウロスの斧",
  "icon": "twilightforest:minotaur_axe",
  "category": "treasures",
  "advancement": "twilightforest:alt/treasures/minotaur_axes",
  "sortnum": 5030,
  "pages": [
    {
      "type": "text",
      "text": "ミノタウロスやミノッシュルームが持つ、繊細な作り込みがなされた武器。$(br)古びた斧のようですが、奇妙な柄の構造をしています。$(br)持ち上げる時は軽いのに、振り下ろす時は柄に重量を感じます。"
    }, {
      "type": "spotlight",
      "title": "ミノタウロスの黄金斧",
      "item": "twilightforest:minotaur_axe_gold",
      "advancement": "twilightforest:alt/treasures/minotaur_axe_gold",
      "text": "鋭く、強烈。けれども非常に脆弱。$(br)もっともきらびやかなミノタウロスだけが、この武器を持っています。"
    }, {
      "type": "spotlight",
      "title": "ミノタウロスの金剛斧",
      "item": "twilightforest:minotaur_axe",
      "advancement": "twilightforest:alt/treasures/minotaur_axe_diamond",
      "text": "ダイヤ、金剛石の力が込められた精巧な武器。$(br)この強力な一品はミノッシュルームが選び抜いたものであり、偉大な怪物にふさわしい。"
    }
  ]
}