{
  "name": "ツール類",
  "icon": "twilightforest:ironwood_pickaxe",
  "category": "treasures",
  "advancement": "twilightforest:alt/treasures/tools",
  "sortnum": 1100,
  "pages": [
    {
      "type": "text",
      "text": "この世界は魔法に満ちており、この場所にある素材をクラフトに使うことで、本来は魔法の行使によって生み出される固有の力を、ツールに宿らせることも可能であるとされています。"
    }, {
      "type": "text",
      "advancement": "twilightforest:alt/treasures/ironwood_tool_set",
      "text": "樹鉄のツール"
    }, {
      "type": "text",
      "advancement": "twilightforest:alt/treasures/steeleaf_tool_set",
      "text": "鋼木ノ葉のツール"
    }, {
      "type": "text",
      "advancement": "twilightforest:alt/treasures/fiery_tool_set",
      "text": "灼熱鋼のツール"
    }, {
      "type": "text",
      "advancement": "twilightforest:alt/treasures/knightmetal_tool_set",
      "text": "騎士のツール"
    }, {
      "type": "text",
      "advancement": "twilightforest:alt/treasures/ice_sword",
      "text": "アイスソード"
    }, {
      "type": "text",
      "advancement": "twilightforest:alt/treasures/giant_tool_set",
      "text": "巨人のツール"
    }
  ]
}