{
  "name": "トロフィー",
  "icon": "twilightforest:trophy_pedestal",
  "category": "treasures",
  "advancement": "twilightforest:alt/treasures/trophies",
  "sortnum": 2310,
  "pages": [
    {
      "type": "text",
      "text": "トロフィーの情報"
    }, {
      "type": "text",
      "advancement": "twilightforest:progress_trophy_pedestal",
      "text": "things and stuff"
    }, {
      "type": "spotlight",
      "title": "色食みのヒツジのトロフィー",
      "item": "twilightforest:trophy:8",
      "advancement": "twilightforest:quest_ram",
      "text": "彼の羊は、-ご馳走への感謝として-贈り物をくれた。... その頭のレプリカです。 時にこういったものは、詮索しないほうが良いときもあります。 トロフィーはダイニングに飾ったり頭に被るなどして、羊毛の誉れを知らしめることができます。 素晴らしい働きに対する正当な報酬...なのかもしれません。"
    }, {
      "type": "text",
      "advancement": "twilightforest:progress_naga",
      "text": "things and stuff"
    }, {
      "type": "text",
      "advancement": "twilightforest:progress_lich",
      "text": "things and stuff"
    }, {
      "type": "spotlight",
      "title": "ミノッシュルームのトロフィー",
      "item": "twilightforest:trophy:6",
      "advancement": "twilightforest:progress_labyrinth",
      "text": "迷宮の怪物を討伐したものに送られるミノッシュルームのトロフィー。$(br)鉄にメッキを施したものであり、戦いを征した筋肉への賛美か、はたまた脳みそまで筋肉なことの証か... $(br)なんにせよ、ミノッシュルームは倒されました。"
    }, {
      "type": "spotlight",
      "title": "ヒドラのトロフィー",
      "item": "twilightforest:trophy:2",
      "advancement": "twilightforest:progress_hydra",
      "text": "無数にあるヒドラの頭部の１つを象ったトロフィー。$(br)頭を討てば、そこからさらに多くのものが襲い掛かる。この報酬は、頭部を再生する怪物と戦い、それを倒したことの証です。$(br)トロフィーの下に何も置かれていなければ口が開くようです。"
    }, {
      "type": "text",
      "advancement": "twilightforest:progress_knights",
      "text": "things and stuff"
    }, {
      "type": "text",
      "advancement": "twilightforest:progress_ur_ghast",
      "text": "things and stuff"
    }, {
      "type": "text",
      "advancement": "twilightforest:progress_yeti",
      "text": "things and stuff"
    }, {
      "type": "text",
      "advancement": "twilightforest:progress_glacier",
      "text": "things and stuff"
    }
  ]
}