{
  "name": "Ghasts",
  "icon": "minecraft:spawn_egg:0{EntityTag:{id:\"twilightforest:mini_ghast\"}}",
  "category": "entities",
  "advancement": "twilightforest:alt/entities/ghasts",
  "sortnum": 6110,
  "pages": [
    {
      "type": "entity",
      "advancement": "twilightforest:alt/entities/mini_ghast",
      "entity": "twilightforest:mini_ghast",
      "text": "things and stuff"
    }, {
      "type": "entity",
      "advancement": "twilightforest:alt/entities/tower_ghast",
      "entity": "twilightforest:tower_ghast",
      "text": "things and stuff"
    }
  ]
}