{
	"bookmark_start_section": "introduction",
	"colours": {
		"text": "#000000",
		"caption": "#666666",
		"hyperlink": "#601ba0",
		"highlight": "#dd4c1d",
		"new_section": "#ee88f7"
	},
	"images": {
		"workbench": {
			"location": "ebwizardry:textures/gui/handbook/pictures/arcane_workbench.png",
			"caption": "秘儀の作業台",
			"u": 0,
			"v": 0,
			"width": 110,
			"height": 110
		},
		"crystal_ore": {
			"location": "ebwizardry:textures/gui/handbook/pictures/crystal_ore.png",
			"caption": "魔力結晶の鉱石",
			"u": 0,
			"v": 0,
			"width": 64,
			"height": 64
		},
		"magic_crystal": {
			"location": "ebwizardry:textures/items/crystal_magic.png",
			"caption": "魔力結晶",
			"u": 6,
			"v": 6,
			"width": 36,
			"height": 33,
			"texture_width": 48,
			"texture_height": 48,
			"border": false
		},
		"magic_wand": {
			"location": "ebwizardry:textures/items/wand_novice.png",
			"caption": "魔術の杖",
			"u": 0,
			"v": 0,
			"width": 64,
			"height": 64,
			"border": false
		},
		"crystal_flower": {
			"location": "ebwizardry:textures/gui/handbook/pictures/crystal_flower.png",
			"caption": "魔力結晶の花",
			"u": 0,
			"v": 0,
			"width": 48,
			"height": 48
		},
		"wizard_tower": {
			"location": "ebwizardry:textures/gui/handbook/pictures/wizard_tower.png",
			"caption": "魔術師の塔",
			"u": 0,
			"v": 0,
			"width": 110,
			"height": 110
		},
		"wizard_armour": {
			"location": "ebwizardry:textures/gui/handbook/pictures/wizard_armour.png",
			"caption": "魔術師防具の全身装備",
			"u": 0,
			"v": 0,
			"width": 90,
			"height": 90
		},
		"classes": {
			"location": "ebwizardry:textures/gui/handbook/pictures/classes.png",
			"caption": "魔術師における3つの道",
			"u": 0,
			"v": 0,
			"width": 96,
			"height": 32,
			"border": false
		},
		"obelisk": {
			"location": "ebwizardry:textures/gui/handbook/pictures/obelisk.png",
			"caption": "オベリスク",
			"u": 0,
			"v": 0,
			"width": 110,
			"height": 67
		},
		"shrine": {
			"location": "ebwizardry:textures/gui/handbook/pictures/shrine.png",
			"caption": "大地の神殿",
			"u": 0,
			"v": 0,
			"width": 110,
			"height": 67
		},
		"library_ruins": {
			"location": "ebwizardry:textures/gui/handbook/pictures/library_ruins.png",
			"caption": "古の書庫",
			"u": 0,
			"v": 0,
			"width": 110,
			"height": 57
		},
		"remnant": {
			"location": "ebwizardry:textures/gui/handbook/pictures/remnant.png",
			"caption": "火のレムナント",
			"u": 0,
			"v": 0,
			"width": 110,
			"height": 73
		},
		"tiers": {
			"location": "ebwizardry:textures/gui/handbook/pictures/tiers.png",
			"caption": "4つの杖の階級",
			"u": 0,
			"v": 0,
			"width": 96,
			"height": 24,
			"border": false
		},
		"elements": {
			"location": "ebwizardry:textures/gui/handbook/pictures/elements.png",
			"caption": "魔法の7属性",
			"u": 0,
			"v": 0,
			"width": 106,
			"height": 20,
			"border": false
		}
	},
	"recipes": {
		"arcane_workbench": {
			"locations": [
				"ebwizardry:arcane_workbench"
			]
		},
		"magic_wand": {
			"locations": [
				"ebwizardry:magic_wand"
			]
		},
		"novice_wands": {
			"locations": [
				"ebwizardry:magic_wand",
				"ebwizardry:wand_fire",
				"ebwizardry:wand_ice",
				"ebwizardry:wand_lightning",
				"ebwizardry:wand_necromancy",
				"ebwizardry:wand_earth",
				"ebwizardry:wand_sorcery",
				"ebwizardry:wand_healing"
			]
		},
		"magic_missile_spell_book": {
			"locations": [
				"ebwizardry:magic_missile_spell_book"
			]
		},
		"wizard_handbook": {
			"locations": [
				"ebwizardry:wizard_handbook"
			]
		},
		"crystal_flower_to_crystals": {
			"locations": [
				"ebwizardry:crystal_flower_to_crystals"
			]
		},
		"crystal_blocks": {
			"locations": [
				"ebwizardry:crystal_block",
				"ebwizardry:crystal_block_fire",
				"ebwizardry:crystal_block_ice",
				"ebwizardry:crystal_block_lightning",
				"ebwizardry:crystal_block_necromancy",
				"ebwizardry:crystal_block_earth",
				"ebwizardry:crystal_block_sorcery",
				"ebwizardry:crystal_block_healing"
			]
		},
		"crystal_blocks_to_crystals": {
			"locations": [
				"ebwizardry:crystal_block_to_crystals",
				"ebwizardry:crystal_block_to_crystals_fire",
				"ebwizardry:crystal_block_to_crystals_ice",
				"ebwizardry:crystal_block_to_crystals_lightning",
				"ebwizardry:crystal_block_to_crystals_necromancy",
				"ebwizardry:crystal_block_to_crystals_earth",
				"ebwizardry:crystal_block_to_crystals_sorcery",
				"ebwizardry:crystal_block_to_crystals_healing"
			]
		},
		"crystal_shard": {
			"locations": [
				"ebwizardry:crystal_shard"
			]
		},
		"small_mana_flask": {
			"locations": [
				"ebwizardry:small_mana_flask"
			]
		},
		"medium_mana_flask": {
			"locations": [
				"ebwizardry:medium_mana_flask"
			]
		},
		"large_mana_flask": {
			"locations": [
				"ebwizardry:large_mana_flask"
			]
		},
		"runestone": {
			"locations": [
				"ebwizardry:runestone_fire",
				"ebwizardry:runestone_ice",
				"ebwizardry:runestone_lightning",
				"ebwizardry:runestone_necromancy",
				"ebwizardry:runestone_earth",
				"ebwizardry:runestone_sorcery",
				"ebwizardry:runestone_healing"
			]
		},
		"runestone_pedestal": {
			"locations": [
				"ebwizardry:runestone_pedestal_fire",
				"ebwizardry:runestone_pedestal_ice",
				"ebwizardry:runestone_pedestal_lightning",
				"ebwizardry:runestone_pedestal_necromancy",
				"ebwizardry:runestone_pedestal_earth",
				"ebwizardry:runestone_pedestal_sorcery",
				"ebwizardry:runestone_pedestal_healing"
			]
		},
		"transportation_stone": {
			"locations": [
				"ebwizardry:transportation_stone"
			]
		},
		"magic_silk": {
			"locations": [
				"ebwizardry:magic_silk"
			]
		},
		"wizard_hat": {
			"locations": [
				"ebwizardry:wizard_hat"
			]
		},
		"wizard_robe": {
			"locations": [
				"ebwizardry:wizard_robe"
			]
		},
		"wizard_leggings": {
			"locations": [
				"ebwizardry:wizard_leggings"
			]
		},
		"wizard_boots": {
			"locations": [
				"ebwizardry:wizard_boots"
			]
		},
		"blank_scroll": {
			"locations": [
				"ebwizardry:blank_scroll"
			]
		},
		"firebomb": {
			"locations": [
				"ebwizardry:firebomb"
			]
		},
		"poison_bomb": {
			"locations": [
				"ebwizardry:poison_bomb"
			]
		},
		"smoke_bomb": {
			"locations": [
				"ebwizardry:smoke_bomb"
			]
		},
		"spark_bomb": {
			"locations": [
				"ebwizardry:spark_bomb"
			]
		},
		"gilded_wood": {
			"locations": [
				"ebwizardry:gilded_oak_wood",
				"ebwizardry:gilded_spruce_wood",
				"ebwizardry:gilded_birch_wood",
				"ebwizardry:gilded_jungle_wood",
				"ebwizardry:gilded_acacia_wood",
				"ebwizardry:gilded_dark_oak_wood"
			]
		},
		"bookshelves": {
			"locations": [
				"ebwizardry:oak_bookshelf",
				"ebwizardry:spruce_bookshelf",
				"ebwizardry:birch_bookshelf",
				"ebwizardry:jungle_bookshelf",
				"ebwizardry:acacia_bookshelf",
				"ebwizardry:dark_oak_bookshelf"
			]
		},
		"lecterns": {
			"locations": [
				"ebwizardry:oak_lectern",
				"ebwizardry:spruce_lectern",
				"ebwizardry:birch_lectern",
				"ebwizardry:jungle_lectern",
				"ebwizardry:acacia_lectern",
				"ebwizardry:dark_oak_lectern"
			]
		},
		"receptacle": {
			"locations": [
				"ebwizardry:receptacle"
			]
		}
	},
	"sections": {
		"inside_cover": {
			"centre": {
				"x": true,
				"y": true
			},
			"text": [
				"[魔術師の手引き書]",
				"By Electroblob"
			]
		},
		"introduction": {
			"title": "はじめに",
			"text": [
				"ごきげんよう、魔術師殿！ この本では、秘儀にまつわる解説と様々な使用方法についての説明を行います。",
				"また、この本自体も普通のものではありません- あなたが魔法の世界について発見をするにつれ、本書に新たなﾍﾟｰｼﾞが現れるでしょう。",
				"","",
				"矢印のﾎﾞﾀﾝでﾍﾟｰｼﾞをめくり、二重の矢印ﾎﾞﾀﾝで章を移ることができます。 中央のﾒﾆｭｰﾎﾞﾀﾝからは、ｺﾝﾃﾝﾂのﾍﾟｰｼﾞへ戻れます。",
				"紫色のﾘﾝｸﾃｷｽﾄをｸﾘｯｸすると、関連するﾍﾟｰｼﾞへ直接移ることができます。 ﾌﾞｯｸﾏｰｸを右ｸﾘｯｸして現在のﾍﾟｰｼﾞへ移動し、左ｸﾘｯｸでﾌﾞｯｸﾏｰｸされたﾍﾟｰｼﾞへ戻れます。"
			]
		},
		"main_contents": {
			"title": "コンテンツ",
			"contents": {
				"id": "main_contents",
				"hyperlinks": true,
				"page_numbers": true,
				"separator": "."
			}
		},
		"setting_up": {
			"title": "準備について",
			"include_in_contents": "main_contents",
			"text": [
				"魔導の道を歩み始めるには、以下のものが必要です:",
				"-魔術の杖",
				"#recipe magic_wand","",
				"-@arcane_workbench 秘儀の作業台@",
				"#recipe arcane_workbench",
				"-呪文の書 初心者の呪文である魔力弾の投射は、自身の手で作成することができます。 ほかにはﾀﾞﾝｼﾞｮﾝﾁｪｽﾄやﾄﾞﾛｯﾌﾟｱｲﾃﾑとして入手したり、他の魔術師から購入することもできます。",
				"#recipe magic_missile_spell_book",
				"加えて、自身の杖にﾏﾅを充填させるためには、たくさんの魔力結晶が必要になります。 参照:(@mana マナ@) (@spells 呪文@)"
			]
		},
		"mana": {
			"title": "マナ",
			"include_in_contents": "main_contents",
			"triggers": [
				"ebwizardry:crystal"
			],
			"text": [
				"マナは、魔術師に力を与えてくれる神秘の源です。 それ自体は物理的な実体を持たず、世界全体に渡って常に存在し、漂っている、ｵｰﾗのようなものです。 またそれは、地下の岩石の中に生み出された結晶の中に自然と満ちてゆきます。 魔術の杖は、ﾏﾅをその中に封じ込めることができ、あなたが呪文を行使する際にそこからﾏﾅを引き出します。 呪文の種類、効力、持続時間に応じて、必要となるﾏﾅの量が変化します。 \n参照:(@wands 杖@) (@spells 呪文@) ",
				"#image crystal_ore",
				"#image magic_crystal",
				"ﾏﾅは製造も破壊もできない存在であり、呪文の行使において使用されたﾏﾅの大部分は、周囲に散逸してしまうものとされています。 このようにして、ﾏﾅの大部分は世界の中に淡く、けれども隅々にまで満ちています。 ただしこれを活用するにあたっては、地下の結晶に数千年に渡って自然に濃縮される、もしくは人工的に濃縮させる必要があります - この本には含まれない、高度な内容です。",
				"呪文におけるﾏﾅ効率を高めたり、呪文の行使における、散逸したﾏﾅの一部を回収するなど、さまざまな方法があります。"
			]
		},
		"wands": {
			"title": "杖",
			"include_in_contents": "main_contents",
			"triggers": [
				"ebwizardry:arcane_initiate"
			],
			"text": [
				"杖は、魔術師にとっての最適なﾂｰﾙです。 杖における能力(階級を参照)の範囲において、数々の呪文を行使することができます。",
				"杖には様々な種類がありますが、基礎的な[魔術の杖]から始めるべきでしょう。 \n参照:(@tiers 階級@) ",
				"#image magic_wand",
				"杖のほとんどは、木の棒の先端にいずれかの種の魔法結晶を取り付け、もう片方の端には金ﾅｹﾞｯﾄが配されています。",
				"杖頭の結晶は力の源であり、呪文を行使するための集中点として機能します。 けれども、杖の残り部分もまた重要です。 これは杖の使い心地だけでなく、ﾏﾅを行使、および指向させるための通り道としての機能もあるのです。 参照:(@spells 呪文@)",
				"呪文の行使を繰り返すと、杖は次第に呪文をより効果的に行使できるようになり、後にそれは、強力な呪文の行使に耐えられほどになります。 こうした効果は、杖自身の形状と外観に生じてくる微細な変化から読み取ることができます。",
				"杖がより強力になると、据えられた結晶には更なる力が蓄えられると共に、その色合いが、各属性に応じたものに変わることがあります。 そうしてしばらくすると、杖の木材部分が成長し始め、ねじれ、複雑な形状になってゆきます。 参照:(@elements 属性@)(@spells 呪文@)",
				"",
				"杖を手に持っていると、画面の隅に現在選択している呪文を表わす絵(HUD)が表示されます。 呪文を行使した後であれば、同じ呪文を再び行使できるまでのｸｰﾙﾀﾞｳﾝﾀｲﾑを表わすﾊﾞｰが表示されます。 また、杖に登録されている、次の呪文、前の呪文を確認することもできます。",
				"呪文を切り替えるには、#next_spell_key , #previous_spell_key のキーを使用します。 ｽﾆｰｸ+ﾏｳｽﾎｲｰﾙのｽｸﾛｰﾙでも切り替えが行えます。",
				"ｲﾝﾍﾞﾝﾄﾘ画面において杖にｶｰｿﾙを合わせると、現在選択されている呪文とその能力、杖に保持されているﾏﾅの量が表示されます。 杖は、秘儀の作業台に配置することで、より詳細な情報を見ることができます。 参照:(@mana マナ@) (@arcane_workbench 秘儀の作業台@) (@spells 呪文@)"
			]
		},
		"spells": {
			"title": "呪文",
			"include_in_contents": "main_contents",
			"triggers": [
				"ebwizardry:handbook/spells"
			],
			"text": [
				"魔術杖は、それによって行使する呪文が無ければ、役に立ちません。 呪文は、2つの形式から登録することができます: 再使用が可能な呪文書と、使い切りの巻物があります。",
				"呪文書は、それ単体ではほとんど使い道がありません。 これらは、その中に記述されている呪文を魔術杖に登録することに使用します。 呪文書はﾜｰﾙﾄﾞの中の様々な場所に隠されており、それらとまみえるには、さほど時間はかからないでしょう。 入手したら、呪文書にｶｰｿﾙを合わせることで、中の呪文に関する基本情報が確認できます。 呪文書を手に持って右ｸﾘｯｸすると、詳しい内容を読むことが出来ます。 参照:(@wands 杖@)",
				"一方で巻物は、異なる方向で目的を果たします。 巻物を手に持って右ｸﾘｯｸすると、その中に記述されている呪文を行使することができ、その過程において、巻物は破壊されます。 呪文書と同じく、巻物も世界中に隠されているのですが、自身で作成することもできます。 参照:(@enchanting_scrolls 呪文の巻物@) ",
				"ある探索において、1~2回だけ使用したい呪文を、魔術杖のｽﾛｯﾄを使用せずに持ち込みたい、という場面において、巻物は非常に便利です。 また、通常は溜め動作を必要とする呪文を即座に行使できるという利点もあります。 ですが、杖によるものに比べて、効力に乏しい呪文の行使であることには留意すべきです。 参照:(@wands 杖@)",
				"修練を経ていない眼では、呪文を書き表す魔法のﾙｰﾝ文字を読むことができません。 それであっても、呪文がどんなものであるかを確かめるために、それらを実際に行使してみることは可能です。",
				"-ただしそれは、望ましくない副作用を伴う場合があり、また一部の呪文は、特定の条件下でなければ、その力を発現しません。",
				"正体のわからない呪文は、行使の際にその記述を読み違えてしまう可能性もあり、呪文の強さによっては、危険な結果を招いてしまうことがあります。",
				"より安全で確実性の高い手段として、ﾁｪｽﾄの中から見つけたり、魔術師から購入したりすることができる、識別の巻物を使用しましょう。",
				"一つを手に持って右ｸﾘｯｸをすると、ﾎｯﾄﾊﾞｰの最初にある未知の呪文書が識別されます。 その過程において、識別の巻物は消費されます。"
			]
		},
		"arcane_workbench": {
			"title": "秘儀の作業台",
			"include_in_contents": "main_contents",
			"contents": {
				"id": "arcane_workbench_subsections",
				"hyperlinks": true,
				"page_numbers": true,
				"separator": "."
			},
			"triggers": [
				"ebwizardry:handbook/arcane_workbench"
			],
			"text": [
				"ｴﾝﾁｬﾝﾄﾃｰﾌﾞﾙに似た外観を持つ秘儀の作業台は、ﾏﾅの充填、杖の強化、呪文の登録などを行うことができます。\n参照:(@wands 杖@) (@spells 呪文@) ",
				"作成は以下のとおりです。",
				"#recipe arcane_workbench",
				"次のﾍﾟｰｼﾞでは、秘儀の作業台において実行できる、さまざまな機能について説明を行います。",
				"#image workbench"
			],
			"sections": {
				"binding_spells": {
					"title": "呪文の登録",
					"include_in_contents": "arcane_workbench_subsections",
					"triggers": [
						"ebwizardry:handbook/arcane_workbench"
					],
					"text": [
						"杖に呪文を登録するには、秘儀の作業台の中央ｽﾛｯﾄに杖を配置し、次にその周囲に現れるｽﾛｯﾄの1つに呪文書を配置して、[適用]を押します。",
						"この工程において、呪文書には消費も何も及ぼされていないことに気が付くでしょう。 参照:(@spells 呪文@) (@wands 杖@) ","",
						"-呪文を登録する行為とい うのは、呪文書から呪文を'取り出す'ようなものではなく、呪文のために杖を調整するというものです。 ",
						"呪文の登録は状況に応じて何度も行うものであり、杖に登録されている呪文は好きなだけ変更することができます。",
						"杖には最大5つの呪文を登録することができますが、強化ｱｲﾃﾑによって、この数を増加させることができます。"
					]
				},
				"charging_wands": {
					"title": "杖を充填させる",
					"include_in_contents": "arcane_workbench_subsections",
					"triggers": [
						"ebwizardry:handbook/arcane_workbench"
					],
					"text": [
						"充填を行うには、秘儀の作業台の中央ｽﾛｯﾄに杖を配置し、左下ｽﾛｯﾄに魔力結晶を入れ、 [適用]のﾎﾞﾀﾝを押します。 結晶には#mana_per_crystalのﾏﾅが含まれています。 参照:(@wands 杖@) (@mana マナ@)",
						"杖はそこから必要な分だけを取り出すため、あらかじめ作業台に結晶を入れておくこともできます。",
						"",
						"ただし、魔力結晶から取り出せるﾏﾅは整数分で区切られることに注意してください。 例えば、杖に30ﾏﾅが必要な場合は、充填時に#example_charging_lossのﾏﾅが失われてしまいます。"
					]
				},
				"upgrading_wands": {
					"title": "杖の強化",
					"include_in_contents": "arcane_workbench_subsections",
					"triggers": [
						"ebwizardry:handbook/tome_of_arcana"
					],
					"text": [
						"魔術の杖を強化するには、適合する階級の秘儀の書、または専用の強化素材が必要になります。",
						"この両方は、ﾀﾞﾝｼﾞｮﾝﾁｪｽﾄから見つけたり、魔術師から購入することができます。 杖を中央ｽﾛｯﾄに、強化素材を右上のｽﾛｯﾄに配置し、[適用]ﾎﾞﾀﾝを押すことで、強化が行われます。 参照:(@wands 杖@) ","",
						"杖専用の強化素材は、魔術杖の特定部分を増強させるものです。 それぞれの強化素材は、最大3つまで重ねることができ、適用できる強化の回数は、その杖の階級によって決まります。",
						"強化を取り除くことはできません。"
					]
				},
				"enchanting_scrolls": {
					"title": "呪文の巻物",
					"include_in_contents": "arcane_workbench_subsections",
					"triggers": [
						"ebwizardry:handbook/scrolls"
					],
					"text": [
						"秘儀の作業台では、呪文を封じ込めた巻物を作成することができます。 そのために、紙と糸で作成できる白紙の巻物、封入する魔術の呪文書、そして、それらを行使する場合に消費するﾏﾅ分の魔力結晶が必要になります。 参照:(@spells 呪文@) (@mana マナ@) ",
						"#recipe blank_scroll",
						"魔力結晶を左下のｽﾛｯﾄに、白紙の巻物を中央ｽﾛｯﾄに、呪文書をその上にあるｽﾛｯﾄにそれぞれ配置し、[適用]のﾎﾞﾀﾝを押して、巻物を作り出します。"
					]
				}
			}
		},
		"wizard_armour": {
			"title": "魔術師の装束",
			"include_in_contents": "main_contents",
			"triggers": [
				"ebwizardry:arcane_initiate"
			],
			"text": [
				"魔術師であるならば、自分の身を敵対する存在から守る手段を考える必要があります。 しかしながら、通常の鎧などは用いません。自身の呪文を最大限に生かす魔術師らしい服装といえば、帽子、衣服、下履き、ﾌﾞｰﾂといったものになります。",
				"普通の防具とは違い、これらは耐久値を持たず、壊れません。 杖のように魔力結晶の充填を行い、その力で着用者を護ります。",
				"幸いにも、これら衣服の消費ﾏﾅはあまり多くありません。",
				"杖と同じように、秘儀の作業台やﾏﾅﾌﾗｽｺを使ってﾏﾅを充填してください。 ﾏﾅが枯渇した場合は無防備な状態になってしまいます。 参照:(@mana マナ@) (@arcane_workbench 秘儀の作業台@)\n(@mana_flasks ﾏﾅﾌﾗｽｺ@)",
				"#image wizard_armour",
				"魔法のシルク生地から、魔術師用の防具を作り出せます:",
				"#recipe magic_silk",
				"#recipe wizard_hat",
				"#recipe wizard_robe",
				"#recipe wizard_leggings",
				"#recipe wizard_boots",
				"魔術師の防具は通常のｴﾝﾁｬﾝﾄ ﾃｰﾌﾞﾙでｴﾝﾁｬﾝﾄすることができ、その素材である魔法のｼﾙｸ生地は、ｴﾝﾁｬﾝﾄを保持することにおいて優れた性能を持っています。",
				"魔術師にとって特に有用と思われるものは、魔法、凍結、電撃への耐性ｴﾝﾁｬﾝﾄです。これらは他の魔術師と対峙した際の防御に役立つでしょう。",
				"1つの属性に対しての修練を考える魔術師は、その属性にﾎﾞｰﾅｽをもたらす専用の衣服を用意します。 魔術師らはそうした装備で全身をかためることを重要視していますが、手に入れるのは容易ではありません。",
				"魔術の基礎を習得したあと、魔術師の多くは特定の進路、あるいは風儀の一つに軸を定め、修練を重ねてゆきます。",
				"魔術師には、賢者、魔闘士、妖術家という3つの風儀が存在しています。 それぞれの所属については、ﾛｰﾌﾞによって簡単に区別ができます。 ﾛｰﾌﾞは通常、各々の必要に応じた機能、構造をもち、希少で風変りな素材が用いられています。",
				"#image classes",
				"賢者",
				"知識の探求に生涯を捧げた末に、賢者は効率的な呪文詠唱の技術を完成させ、可能な限りの最小限のﾏﾅによる呪文の行使を可能にしました。 賢者はｴﾝﾁｬﾝﾄの使い手でもあり、彼らの纏う絹ﾛｰﾌﾞは-板金の防具には劣るものの-見た目以上の防御力を有しています。 しかし、書庫において長い時間を過ごしている彼らは、戦闘において速度に欠けています。",
				"魔闘士",
				"魔闘士は戦闘に向けて特化しており、熟練の職人技が仕上げる強化布と銀結晶の板金に身を包んでいます。 規律と訓練を通し、速度と反応にも長じている魔闘士は、より連続しての呪文詠唱を会得しています。 ただしこれは決して安くは無く、魔闘士はﾏﾅを燃やし尽くさないよう、気を配る必要があります。",
				"妖術家",
				"妖術家は探索のために生きており、失われし秘術の奥儀を掘り起こし、現世を取り巻く制限を押し広げることを目指しています。 彼らは、他所において禁忌とみなされることのある実験にも取り組む熱意を持ち、修練は積み重ねるもの、という従来の制約にとらわれません。 そうしてﾏﾅの消費量を減らしつつ、恐るべき速さで呪文を詠唱します。 彼らのﾛｰﾌﾞは軽装で、探索に適してはいますが、戦闘での防御力は他のものに比べて劣ります。"
			]
		},
		"magical_world": {
			"title": "ワールドに潜む魔術",
			"include_in_contents": "main_contents",
			"contents": {
				"id": "magical_world_subsections",
				"hyperlinks": true,
				"page_numbers": true,
				"separator": "."
			},
			"triggers": [
				"ebwizardry:handbook/on_subsection_unlock"
			],
			"text": [
				"家の中に籠っているだけでは秘儀を会得することはできません-魔法に満ちたこの世界を探索しに行きましょう！",
				"古代の遺跡と、そこに眠る遺物。 善意も悪意も持ち合わせた神秘の存在が、あなたからの発見を待っています-どこに目を向けるべきかを、あなたが知っていればのお話ですが。",
				"最高の魔術師というものは、好奇心に満ちているもので、周辺地域を探索し、見つけたものを実験することで、多くの知識と力を獲得します。","",
				"魔術師というものは、その摂理として一人で過ごすことが多くなるものです。",
				"だとしても、難解な奥儀を習得することにおいて、知識を共有は大いに役立ちます。",
				"魔術を実践する仲間を見つけ彼らからできるだけ多くのものを学びましょう。 ｺﾐｭﾆｹｰｼｮﾝは、何ものにも勝る確かな力です。"
			],
			"sections": {
				"crystal_flowers": {
					"title": "魔力結晶の花",
					"include_in_contents": "magical_world_subsections",
					"triggers": [
						"ebwizardry:handbook/crystal_flowers"
					],
					"text": [
						"旅の途中では、野に生える輝く花に出会うことがあるでしょう。 特徴的なこの花は、魔力結晶の花として知られており、ﾏﾅを蓄えるという他にない性質を持っています。 その由来は、今にちまで誰にも分っていません。 ですが、これを収獲してｸﾗﾌﾄしﾏﾅを取り出せることは、周知の事実となっています。",
						"地上において有用なﾏﾅの補給源です。得られるﾏﾅの量は、花自体の小ささと、植生がまばらなことから、ごく限定的です。 参照:(@mana マナ@)",
						"#image crystal_flower",
						"#recipe crystal_flower_to_crystals"
					]
				},
				"wizard_towers": {
					"title": "魔術師の塔",
					"include_in_contents": "magical_world_subsections",
					"triggers": [
						"ebwizardry:wizard_tower"
					],
					"text": [
						"怖がらずに-この世界で魔術を実践しているのは、あなただけではありません。 旅のさなかに、特徴的なとがった屋根のある高い塔に出会うことがあります。 ここは志しを同じくする魔術師の住まいです。 孤独な生活はしばしば、魔術師を偏屈にしてしまうことがあります。","",
						"けれども普段の彼らは、あなたと知識を共有することをいとわない、友好的な人物たちです-対価は必要ですが。 支払いの多くには、貴金属や宝石が用いられます。 それらの見返りとして、あなたは数多くの驚異と不思議を受け取るでしょう。",
						"ただし、あなたが求めるものが達人階級の呪文である場合は、その専門家に相談する必要があるでしょう。\n参照:(@tiers 階級@) ",
						"#image wizard_tower",
						"残念なことに、訪問者を歓迎しない魔術師というのも存在します。 彼らは、概して追放を受けた身分の者であり、自身の足跡を手繰ろうとする者に対して敵対的です。 こうした人物に接触する際には、強力な魔術から身を護る準備が必要です。",
						"そうして彼らを打ち破ることができたならば、残された知識はあなたのものです。",
						"また、魔術師らは、攻撃されたり盗まれたりすることに寛容であるはずはありません。 当然、彼らは自衛の手段にでます。"
					]
				},
				"obelisks": {
					"title": "オベリスク",
					"include_in_contents": "magical_world_subsections",
					"triggers": [
						"ebwizardry:handbook/obelisks"
					],
					"text": [
						"世界のあちこちには古代魔術の痕跡が点在しています。 中でも最も有名なものは、様々な紋様とﾙｰﾝ文字が刻まれた石造りの構造物です。 このような遺跡から分かっているのは、ある種の古代文明の名残だということが全てです。 誰かが、あるいは何かがこれらを作り出し、魔術に関する果てしない知識を有していたその存在は、その知識でもって、今日まで存続するような保護術式をこの場に敷いたようです。",
						"こうした構造物には、大きく2つの種類に分けられます。 まず一つ目の、そして多く見られるものとして、ｵﾍﾞﾘｽｸがあります: ﾙｰﾝｽﾄｰﾝと呼ばれる、彫刻された石が積み上げられた高い尖塔で、根もとに開けられた目立たない場所には、太古の失われた秘儀の一端が収められています。",
						"#image obelisk",
						"これらの構造物は大抵、敵対的な魔法生物を召喚する術式で守られており、人が近づきすぎた場合に発動します。",
						"それらをかわして、術式の源を破壊してください。 そうすれば、残された遺跡はあなたのものです。\n参照:(@creatures 魔法生物@)"
					]
				},
				"shrines": {
					"title": "神殿",
					"include_in_contents": "magical_world_subsections",
					"triggers": [
						"ebwizardry:visit_shrine"
					],
					"text": [
						"二番目のより珍しい種類の構造物は、神殿と呼ばれるものです。 建造物は中央の台座とそれを囲むように配置されたﾙｰﾝｽﾄｰﾝの柱の輪で構成されており、そこにはｱｰﾃｨﾌｧｸﾄが収められたﾁｪｽﾄがあります。",
						"ﾁｪｽﾄには通常、秘術による封印の魔術が施されており、所有者以外には開けることができません。 構造物全体にも結界が張り巡らされ、入り込んだものを閉じ込めてしまいます。\n参照:(@artefacts ｱｰﾃｨﾌｧｸﾄ@) ",
						"#image shrine",
						"",
						"",
						"",
						"これらの大いなる秘術の重要性と潜在価値は、とてつもない魅力でもって魔術師らを駆り立てるのですが、そこには警戒すべきものがあります。",
						"いくつもの報告で、封じ込めの結界に囚われてしまった魔術師が、その閉塞空間によって徐々に精神を侵されてしまったとあります。 一方で、そうした現象は神殿に施された保護魔法によるものであり、中に閉じ込められた魔術師は、この構造物を護るために洗脳されたのだと唱える者もいます。",
						"胡乱な仮説ですが、周辺を探索する者のためにも、ここに記します...。"
					]
				},
				"library_ruins": {
					"title": "古の書庫",
					"include_in_contents": "magical_world_subsections",
					"triggers": [
						"ebwizardry:find_library_ruins"
					],
					"text": [
						"魔術師はその生涯において、多数の魔術書を蒐集する場合が多く、それらの蔵書を保管するための書庫を築くことがあります。 中でも、秘密主義を重んじる者の場合は、詮索好きな者の目から逃れるために、秘術の知識を地下空間に保管するようです。",
						"けれども書庫というのは維持管理が必要であり、書庫の主がその蔵書を継承する弟子などがいないまま死亡した場合には、それらはすぐに荒廃してしまいます。 何千年にも渡って魔術が利用されてきた結果、そのような放棄されてた書庫はますます増えており、探索の最中にそのいずれかに出会うこともあるでしょう。 ",
						"時間による劣化を免れた書物や、その他のｱｲﾃﾑを探してみるのも良いかもしれません。",
						"#image library_ruins",
						"書庫の役割は、本を保管するだけではありません。 古の魔術師は、魔術素材に各種属性の力を宿す儀式を行うために、浸透の祭壇の力を利用しました。",
						"祭壇の配置は、特定の天体の巡りや、局所的なﾏﾅの変動に応じた調整が必要な、きわめて精細な秘術の一つです。 硬い岩石で作られたその祭壇は、一度構築されると何世代にもわたって使われ続けるために、新しいものが作られることがほとんどなく、最近では極めて希少な存在となっています。 そのため浸透の儀式を行おうとする魔術師のほとんどは、既に存在する祭壇を探して、その修復を試みます。 -そして、その祭壇を見つけるのに最適な場所というのが書庫の廃墟なのです。",
						"あなたも、自分自身の書庫を構築してみるべきかもしれません。",
						"なお、それにはたくさんの本棚が必要になるでしょう。",
						"#recipe bookshelves",
						"#recipe gilded_wood",
						"こうした本棚は、単なる家具はありません。 本棚に強力な魔力結晶を浸透させると、秘儀の作業台とその本棚との間で知識の転送が行えるようになります- 蔵書が増えるにつれて、これのありがたみは高まることでしょう。 また、書見台のほうも有用です。 参照:(@arcane_workbench 秘儀の作業台@) ",
						"#recipe lecterns",
						"書見台に浮かぶ書物には周囲に収められている呪文書の中の知識がまとめられており、仕舞った場所を覚えていなくとも、気兼ねなく本を閲覧することができます。"
					]
				},
				"creatures": {
					"title": "魔法生物",
					"include_in_contents": "magical_world_subsections",
					"triggers": [
						"ebwizardry:handbook/magical_creatures"
					],
					"text": [
						"魔術師だけでなく、他の多くの生物たちも魔法の力を利用しています。 これらの生物(ｸﾘｰﾁｬｰ)のほとんどは魔法、秘術そのものを起源としており、一部を除き、特定の呪文によって召喚することが可能です。 ｵﾍﾞﾘｽｸにおいては、これを守るそうした魔法生物、またはその召喚者自身に遭遇することがあります。 また、野外においても稀に、そうした魔法から生まれた存在を目にすることがあるでしょう。 参照:(@spells 呪文@) (@obelisks ｵﾍﾞﾘｽｸ@) ",
						"注意すべきもとして、レムナント(残滓体)の存在が挙げられます。強力な魔力の余波から自然発生的に生み出される霊的な存在であり、通常は7つの属性の内の1つを依り代にしています。 参照:(@elements 属性@) ",
						"単体での脅威はさほど高くありませんが、群れで現れた時には準備不足な探索者を圧倒しまうようなこともあり、魔術に対しての耐性を持つ彼らに対しては、弓などの遠距離武器を用いることが推奨されています。",
						"#image remnant",
						"倒すことで幽玄の微粉というものを回収することができ、無数の色彩と輝きを放つそれらには、様々な用途があります。",
						"次ﾍﾟｰｼﾞの図のようにしてｸﾗﾌﾄできる幽玄の杯というｱｲﾃﾑでは、これらの微粉を収容し、有効活用がさせることができます。",
						"#recipe receptacle",
						"",
						"幽玄の杯は地面や壁に設置して、幽玄の微粉を持って右ｸﾘｯｸすることでそれらを注ぎ込むことができます。 こうすることで、やわらかな輝きの光源となるのです。",
						"微粉の注がれた幽玄の杯をまた右ｸﾘｯｸすると、微粉を取り出して、杯を空にすることができます。"
					]
				},
				"artefacts": {
					"title": "アーティファクト",
					"include_in_contents": "magical_world_subsections",
					"triggers": [
						"ebwizardry:artefact"
					],
					"text": [
						" 神殿を探索するとき、あな たは古代魔術の1つである、ｱｰﾃｨﾌｧｸﾄと呼ばれるものを発見するかもしれません。",
						"-なんとも幸運なことです。 これらの品は、着用した人物に強力な力と特別な能力を与えてくれます。",
						"呪文を増強させる指輪、防御力を向上させる護符、実用的な効果をもたらすﾁｬｰﾑの3種類のものがあることが知られています。",
						"これらのｱｰﾃｨﾌｧｸﾄは、単に持ち物として持っているだけでは意味が無く、正しく身につけた場合にのみ効果を発揮するようです。 参照:(@shrines 神殿@) "
					]
				}
			}
		},
		"tiers": {
			"title": "階級",
			"include_in_contents": "main_contents",
			"triggers": [
				"ebwizardry:handbook/tome_of_arcana"
			],
			"text": [
				"杖と呪文は、#colour_novice素人#colour_reset, #colour_apprentice見習い#colour_reset, #colour_advanced高位#colour_reset, #colour_master達人#colour_reset、4つの階級に 分けられています。 それぞれの階級は、後のものになるほど強力です。\n参照:(@spells 呪文@) (@wands 杖@) ",
				"#image tiers",
				"#colour_novice素人 #colour_reset素人階級の杖は、自身で作成することができるものです。 最大で#novice_max_chargeのﾏﾅを保持することができ、行使できる呪文は素人階級のものに限定されています。 この階級の呪文は誰にでも詠唱できる程度に単純で、通常はﾏﾅをあまり消費しません。 しかし、これが必ずしも上位階級に通用しないわけではありません。 素人階級の呪文は、達人階級の呪文を扱えるようになったとしても、そのｺｽﾄの低さにおいて有用です。",
				"#colour_apprentice見習い #colour_reset見習い階級の杖は、素人階級に次ぐ階級のものです。 最大で#apprentice_max_chargeのﾏﾅを保持することができ、素人と見習い階級の呪文を行使することができます。 素人のものより多少優れる見習い階級の呪文は、通常よりも多くのﾏﾅを消費します。",
				"",
				"#colour_advanced高位 #colour_reset高位の杖は非常に希少、かつ強力なものです。 達人階級を除く全ての呪文を行使することができ、\n#advanced_max_chargeのﾏﾅを保持することができます。 高位の呪文は、透明化や、敵群へ混乱をもたらすなど、超人的な力をもたらすことができます。","","",
				"#colour_master達人 #colour_reset達人階級の杖は、現存する中でもっとも強力な杖です。 #master_max_chargeのﾏﾅを保持することができ、あらゆる呪文を行使することが可能です。 類い稀な存在である達人階級の呪文書は、敵だけでなく、ﾜｰﾙﾄﾞそのものにも甚大な被害をもたらすことがあります。",
				"","","",
				"-",
				"より上位の階級へ踏み込むためには、目指す階級の呪文を行使できるよう、杖を強化させなければなりません。 杖は呪文の詠唱に耐え抜いたときにその力を獲得します。",
				"呪文の種類、効力、属性の効果、その他のさまざまな外的要因が、杖の成熟速度に影響を与えます。",
				"",
				"杖が十分に鍛えられたあとには、その杖を次の階級へ高める最後の仕上げとして、秘術の書を使用します。",
				"これを施すことで、また次の階層へ成熟させていく工程を開始させることができるのです。 参照:(@upgrading_wands 杖の強化@)"
			]
		},
		"elements": {
			"title": "属性",
			"include_in_contents": "main_contents",
			"triggers": [
				"ebwizardry:handbook/elements"
			],
			"text": [
				"呪文にはさまざまな属性があり、それらは呪文の性質を決定づけるとともに、特定の杖から行使することによってさらに大きな力を発揮します。\n参照:(@spells 呪文@) (@wands 杖@) ",
				"#image elements",
				"",
				"#colour_fire火炎#colour_reset \nおそらく、最も破壊に長けた属性である火炎は、燃焼、溶解、爆発に関連しています。 優秀な炎操術師は、敵の前に地獄を解き放ち、その過程で世界を明るくさせることでしょう。 火によるほとんどの攻撃呪文は、対象を炎上させ、時間経過とともに継続的なﾀﾞﾒｰｼﾞを与えます。 けれども、ﾈｻﾞｰの mobに対しては、火の呪文は効果が薄いことがあります。",
				"#colour_ice氷結#colour_reset \n氷結の属性は、全てが冷気によって造られています。 氷の呪文は、敵を鈍化、または完全に凍結させることがあり、火属性のmobに特に効果的です。 川を渡るために水を凍らせるなど、氷の魔術は戦闘の外においても役立つでしょう。",
				"",
				"",
				"#colour_lightning電気#colour_reset \n雷、嵐、および天候の要素に関連を持つ属性です。 強力な雷操術師は油断ならざる存在であり、様々な形でもって自由に雷撃を呼び出す力を持ちます。 電気の呪文は、多くの場合、一度に複数の敵を攻撃することができます。 通常は自動的に対象を探し、あらゆるmobへ強烈な一撃を与えます。 ...ただし、ｸﾘｰﾊﾟｰに対しては注意が必要です。",
				"#colour_necromancy死操#colour_reset \n死操、ﾈｸﾛﾏﾝｼｰは、闇、混沌、そして不死に関連する属性です。 その不気味さ故に、しばしば悪しざまにみられることがありますが、そうでない場合もあります。 死操の呪文は通常、魔法生物を召喚してあなたを護衛させたり、敵の意識を捻じ曲げたりするために使われます。\n参照:(@creatures 魔法生物@)",
				"",
				"#colour_earth大地#colour_reset \n大地の属性は、植物、風、 生き物など、自然界の力を源としています。 大地の魔術は多様で、敵を毒殺することから、大気の怒りを解き放つことまで、様々な形態を取ります。 呪文には、攻撃、防御から、実用的なものまでが混在しています。",
				"","",
				"#colour_sorcery魔導学#colour_reset \n魔導学とは、力と変化の属性です。 魔術師は己の要求に応じて、光、重力、さらには現実そのものを操作しようとします。 魔導の呪文は、とりわけ、呪文の行使者自身に力を与えたり、物体を自身の意のままに動かしたりすることができます。","","",
				"#colour_healing治癒#colour_reset \n治癒の属性は、防御と再生に関連しています。 治癒術師は、自身とその仲間に向けて最大限の保護をもたらし、とてつもない難敵となる場合があります。 攻撃として使われることはほとんど無いのですが、いくつかの治癒呪文による浄化の光は、ｱﾝﾃﾞｯﾄﾞに対して高いﾀﾞﾒｰｼﾞを与えます。 戦闘において、癒しの呪文は欠かせません。","","",
				"異なる属性同士の境界というのは、常に明確なものであるとは限らず、一部の呪文はそれ自体のほかにも、別の属性の特徴を持っていることがあります。",
				"幸運に恵まれれば、属性結晶に出会うことがあるかもしれません。 属性結晶は、成長するにつれて属性における性質を吸収するようになる魔力結晶です - なお、これらが生み出されるための正確な条件と仕組みについては謎のままです。",
				"しかしながら、そのような結晶体を用いることで作成できる、属性杖というものが存在します。 対応する属性呪文の行使にこれを使用した場合、通常以上の威力が発揮されることでしょう。"
			]
		},
		"miscellaneous": {
			"title": "その他",
			"include_in_contents": "main_contents",
			"contents": {
				"id": "miscellaneous_subsections",
				"hyperlinks": true,
				"page_numbers": true,
				"separator": "."
			},
			"triggers": [
				"ebwizardry:on_subsection_unlock"
			],
			"sections": {
				"mana_flasks": {
					"title": "マナフラスコ",
					"include_in_contents": "miscellaneous_subsections",
					"triggers": [
						"ebwizardry:handbook/mana_flasks"
					],
					"text": [
						"Arkendur's秘儀用品株式会社 - あらゆるﾆｰｽﾞにお応えする魔法のｱｲﾃﾑです！",
						"出張先で杖に充填をしなきゃいけない？ご心配なく！ ﾏﾅをﾎﾞﾄﾙに封入できるようになりました。 ｶﾞﾗｽ瓶と8つの魔力結晶でﾏﾅﾌﾗｽｺをｸﾗﾌﾄして、持ち物に入れていきましょう。\n参照:(@wands 杖@) (@mana マナ@)",
						"",
						"使い方は、これらと自身の杖を一緒にｸﾗﾌﾄさせるだけ。 ﾏﾅを一定量回復させます。(*)",
						"#recipe medium_mana_flask",
						"#recipe small_mana_flask",
						"#recipe large_mana_flask","",
						"NEW! 新発売の大きいｻｲｽﾞ、小さいｻｲｽﾞのﾏﾅﾌﾗｽｺのご紹介 - これからは、ご自身の希望に合わせてﾏﾅﾌﾗｽｺの大きさを選ぶことができます！",
						"*使用する際、ｶﾞﾗｽ瓶は壊れてしまいます。\n*瓶に詰める工程において、 ﾏﾅの一部は失われてしまいます。"
					]
				},
				"throwable_items": {
					"title": "投擲可能なアイテム",
					"include_in_contents": "miscellaneous_subsections",
					"triggers": [
						"ebwizardry:handbook/throwables"
					],
					"text": [
						"様々な呪文の中にはｱｲﾃﾑを作り出すようなものもあり、 そのうちのいくつかは実際に ｸﾗﾌﾄすることが可能です。",
						"火炎爆弾、毒汁爆弾、けむり爆弾、電撃爆弾のこれらは、いずれもクラフトで作成することができます:",
						"#recipe firebomb",
						"#recipe poison_bomb",
						"#recipe smoke_bomb",
						"#recipe spark_bomb"
					]
				},
				"automated_casting": {
					"title": "自動的な魔術行使",
					"include_in_contents": "miscellaneous_subsections",
					"triggers": [
						"ebwizardry:enchant_scroll"
					],
					"text": [
						"最近の研究では、単純なﾃﾞｨｽ ﾍﾟﾝｻｰだけ使用して、呪文の行使をある程度自動化させられることが判明しました。\n理由のほどは誰にも分っていませんが、ﾚｯﾄﾞｽﾄｰﾝの持つ特性は、呪文の巻物を発動させる ﾄﾘｶﾞｰにも成り代われるようです。 ﾃﾞｨｽﾍﾟﾝｻｰに巻物を入れて、ﾚｯﾄﾞｽﾄｰﾝ信号を入力すれば、うまくいくはずです...。\n参照:(@spells 呪文@)"
					]
				}
			}
		},
		"crafting_recipes": {
			"title": "クラフトレシピ",
			"include_in_contents": "main_contents",
			"text": [
				"#recipe arcane_workbench",
				"#recipe novice_wands",
				"#recipe magic_missile_spell_book",
				"#recipe wizard_handbook",
				"#recipe crystal_flower_to_crystals",
				"#recipe crystal_blocks",
				"#recipe crystal_blocks_to_crystals",
				"#recipe crystal_shard",
				"#recipe small_mana_flask",
				"#recipe medium_mana_flask",
				"#recipe large_mana_flask",
				"#recipe runestone",
				"#recipe runestone_pedestal",
				"#recipe transportation_stone",
				"#recipe magic_silk",
				"#recipe wizard_hat",
				"#recipe wizard_robe",
				"#recipe wizard_leggings",
				"#recipe wizard_boots",
				"#recipe blank_scroll",
				"#recipe firebomb",
				"#recipe poison_bomb",
				"#recipe smoke_bomb",
				"#recipe spark_bomb",
				"#recipe gilded_wood",
				"#recipe bookshelves",
				"#recipe lecterns",
				"#recipe receptacle"
			]
		},
		"credits": {
			"title": "クレジット",
			"include_in_contents": "main_contents",
			"text": [
				"Electroblob's Wizardry \nVersion #version \nMinecraft #mcversion,",
				"設計, コーディング, テクスチャ by Electroblob,",
				"Minecraft Forge, MCP, これらのMODがなければ、このMODはできませんでした。",
				"Minecraftのmoddingｺﾐｭﾆﾃｨにも 感謝します。私のmoddingの疑問に答えてくれました！",
				"また、modに貢献してくれた 以下の個人にも感謝します:,",
				"コード:\n- Corail31\n- 12foo\n- Shadows-of-Fire\n- HellFirePvP\n- Tora-B\n- Avatair\n- Aeronica\n- UltraHex\n- Azim-Palmer\n- raoulvdberge\n- rafasoares\n- xinyuan-liu\n- SettingDust",
				"翻訳:\n- Spanish: MadWrist, Alsentar\n- Mexican Spanish: MadWrist\n- Russian: VilagVil, kellixon, bigenergy, MugGod2, DrHesperus\n- French: Hahdrim\n- Brazilian Portuguese: lorrampi\n- Chinese (Simplified): ZHENGLOC, dragon-evol, Hokorizero, TUsama, Determancer\n- Korean: shejery, rewi_wire, 방통, red1854th\n- Polish: Trozuu, Olej\n- German: BirdyDragon, Lemopav\n- Chinese (Traditional): chesterccj305\n- Hungarian: Bombadil",
				"サウンドエフェクト:\n- OhhWowProductions\n- fredzed\n- deleted_user_3277771\n- DiscoveryME\n- OGSoundFX\n- leosalom\n- juskiddink",
				"詳細については、こちらをご覧ください。 (@https://github.com/Electroblob77/Wizardry/wiki wiki@) ",
				"魔術について不足を感じますか？\nディスコードサーバに参加して、最新のﾆｭｰｽ、ﾃﾞｨｽｶｯｼｮﾝ、その他の情報を手に入れてください。(@https://discord.gg/hs8yJP2 Discord@)"
			]
		}
	}
}