{
  "name": "山鳴りの角笛",
  "icon": "twilightforest:crumble_horn",
  "category": "treasures",
  "advancement": "twilightforest:alt/treasures/crumble_horn",
  "sortnum": 2310,
  "pages": [
    {
      "title": "山鳴りの角笛",
      "type": "twilightforest:headed_spotlight",
      "item": "twilightforest:crumble_horn",
      "text": "色付き羊毛を探す旅は終わり、その羊は私に角をくれました。$(br)おそらくは楽器のようなもの。ためしにこれを吹いてみることにしましょう。"
    }, {
      "type": "text",
      "advancement": "twilightforest:alt/treasures/crumble_horn_used",
      "text": "この角は、見た目だけ立派なマントルピースよりも価値があるようです。$(br)岩石はその響き、共鳴を浴びてたちまちガレキへ。$(br)まるで太陽の前に晒された淡雪のように崩れ去ります。"
    }
  ]
}