{
  "name": "灼熱の血と涙",
  "icon": "twilightforest:fiery_blood",
  "category": "treasures",
  "advancement": "twilightforest:alt/treasures/fiery_blood_tears",
  "sortnum": 5120,
  "pages": [
    {
      "type": "twilightforest:gallery",
      "title": "灼熱の血と涙",
      "item_list": "twilightforest:fiery_blood|twilightforest:fiery_tears",
      "text": "高熱の物体が入れられた小さな小瓶。$(br)小瓶の中の物体は非常に高温であり、鉄に混ぜ込むことで燃え盛るような金属を生み出します。$(br2)クラフト素材として使うことができ、またこれらの液体は、複数の強力なモンスターから手に入れることができます。"
    }
  ]
}