{
  "name": "糧食と料理、そして珍味",
  "icon": "twilightforest:experiment_115:2",
  "category": "treasures",
  "advancement": "twilightforest:alt/treasures/foods/any",
  "sortnum": 1100,
  "pages": [
    {
      "type": "text",
      "text": "糧となる素晴らしい食べ物"
    }, {
      "type": "spotlight",
      "title": "ヒドラチョップ",
      "item": "twilightforest:hydra_chop",
      "advancement": "twilightforest:alt/treasures/foods/hydra_chop",
      "text": "ヒドラの肉を贅沢に使った食事。この最強の肉を食べるとたちまち空腹が満たされ、傷を即座に癒す効果を一時的に得られます。$(br)強大な怪物を征した者にこそふさわしい一品です。"
    }, {
      "type": "spotlight",
      "title": "迷宮の焼き菓子",
      "item": "twilightforest:maze_wafer",
      "advancement": "twilightforest:alt/treasures/foods/maze_wafer",
      "text": "迷宮で見つかる小さな糧食。$(br)小腹をごまかすことしかできませんが、各地を探索する際の食料不足を補います"
    }, {
      "type": "text",
      "title": "ミノ肉",
      "item": "twilightforest:cooked_meef",
      "advancement": "twilightforest:alt/treasures/foods/meef",
      "text": "ミノタウロスの肉。$(br)生で食べてはどうしようもありませんが、調理すれば、焼いたトリ肉に匹敵する食べ物になります。"
    }, {
      "type": "text",
      "advancement": "twilightforest:alt/treasures/foods/vension",
      "text": "things and stuff"
    }, {
      "type": "spotlight",
      "title": "ミーフストロガノフ",
      "item": "twilightforest:meef_stroganoff",
      "advancement": "twilightforest:progress_labyrinth",
      "text": "栄養満点、大満足。$(br)ミーフストロガノフを食べた冒険者は力をつけるだけでなく、燃える沼の熱に打ち勝つこともできるようになります。$(br)ミノッシュルームからのご褒美でしょうか？"
    }, {
      "type": "text",
      "advancement": "twilightforest:alt/treasures/foods/experiment_115",
      "text": "things and stuff"
    }
  ]
}