{
  "name": "巨大なブロック",
  "icon": "twilightforest:giant_cobblestone",
  "category": "treasures",
  "advancement": "twilightforest:alt/treasures/giant_blocks",
  "sortnum": 8010,
  "pages": [
    {
      "type": "text",
      "text": "巨大な！ブロックです！！"
    }, {
      "type": "spotlight",
      "title": "巨大な丸石",
      "item": "twilightforest:giant_cobblestone",
      "text": "巨大な！丸石！"
    }, {
      "type": "spotlight",
      "title": "巨大な原木",
      "item": "twilightforest:giant_log",
      "text": "巨大な原木です。 自身の拠点へ持って帰りたいものです ;) ;)"
    }, {
      "type": "spotlight",
      "title": "巨大な葉",
      "item": "twilightforest:giant_leaves",
      "text": "巨大な！葉ブロック！"
    }, {
      "type": "spotlight",
      "title": "巨大な黒曜石",
      "item": "twilightforest:giant_obsidian",
      "text": "巨大な！黒曜石！"
    }
  ]
}