{
  "name": "グラスソード",
  "icon": "twilightforest:glass_sword",
  "category": "treasures",
  "advancement": "twilightforest:alt/treasures/glass_sword",
  "sortnum": 7120,
  "pages": [
    {
      "title": "グラスソード",
      "type": "twilightforest:headed_spotlight",
      "item": "twilightforest:glass_sword",
      "text": "名匠がだけが作りだせる見事な品。 この剣の刃は他のなにものよりも鋭いだけでなく、まったくの透明なその刀身は、太刀筋に雪の結晶のような残像だけを残し、相手の戸惑いを加速させます。 これぞまさに職人技の極みです。"
    }, {
      "type": "text",
      "advancement": "twilightforest:break_glass_sword",
      "text": "$(br2)悲しいことに、至高の美しさには大きな犠牲が伴うものです。 ガラスの剣は実用性に乏しく、製造技術の展示にしかなりません。 比肩するものの無い鋭さですが、剣の威力は、砕けて散り散りになったガラスの破片によって生み出されているのです。 これは単なる、ワン・ヒット・ワンダーにすぎないのです。"
    }
  ],
  
  
  
  "pages_EXAMPLE_OF_EDITABLE": [
    {
      "type": "twilightforest:editable",
      "advancement_key": "twilightforest:break_glass_sword",
      "locked"  : "A stunning example of what a master craftsman is able to produce. Not only is the blade of this sabre unparalleled in sharpness beyond anything comparable, but its reflective and see-through surface also cascade the twilight through to cast snowflake like imagery on your surroundings. Truly, this is the height of craftsmanship.",
      "unlocked": "A stunning example of what a master craftsman is able to produce. Not only is the blade of this sabre unparalleled in sharpness beyond anything comparable, but its reflective and see-through surface also cascade the twilight through to cast snowflake like imagery on your surroundings. Truly, this is the height of craftsmanship.$(br2)Alas, with great beauty comes great cost. The Glass Sabre turns out to be nothing more than an exhibition of skill in crafting, rather than utility. Its sharpness is still unparalleled, but the brunt of the force is caused by glass shattering into thousands of tiny shards, it's actually rather barbaric as opposed to such a dignified-looking piece. This turned out to be nothing but a mere one-hit-wonder."
    }
  ]
}