{
  "name": "[IE] ガジェットスキン",
  "icon": "immersiveengineering:shader_bag{rarity:\"TWILIGHT\"}",
  "laggy_icon": "immersiveengineering:revolver:0{\"IE:Shader\":{id:\"twilightforest:shader\",Count:1,tag:{shader_type:\"Twilight\"},Damage:0},upgrades:{electro:1b,melee:6.0,bullets:6}}",
  "category": "treasures",
  "flag": "mod:immersiveengineering",
  "advancement": "twilightforest:alt/compat/ie_shaders",
  "sortnum": 1200,
  "pages": [
    {
      "type": "text",
      "text": "Immersive EngineeringのスキンInfo"
    }
  ]
}