{
  "name": "魔法の木",
  "icon": "twilightforest:twilight_sapling:4",
  "category": "treasures",
  "advancement": "twilightforest:alt/treasures/magic_trees",
  "sortnum": 2100,
  "pages": [
    {
      "type": "text",
      "text": "4種類ある魔法の木は、大きな木のダンジョンの上層にある戦利品チェストから見つけることができます。"
    }, {
      "type": "text",
      "advancement": "twilightforest:alt/treasures/tree_of_time",
      "text": "刻の木"
    }, {
      "type": "text",
      "advancement": "twilightforest:alt/treasures/tree_of_transformation",
      "text": "変化の木"
    }, {
      "type": "text",
      "advancement": "twilightforest:alt/treasures/tree_of_mining",
      "text": "採掘の木"
    }, {
      "type": "text",
      "advancement": "twilightforest:alt/treasures/tree_of_sorting",
      "text": "分類の木"
    }
  ]
}