{
  "name": "リッチの杖",
  "icon": "twilightforest:twilight_scepter",
  "category": "treasures",
  "advancement": "twilightforest:alt/treasures/scepters",
  "sortnum": 4030,
  "pages": [
    {
      "type": "text",
      "text": "対峙したリッチは、いくつもの杖を駆使して戦っていたようです。$(br)それを倒したときに、その杖のうちの１つが残りました。$(br)何度も戦えば、全ての種類の杖を回収できるかもしれません。"
    }, {
      "type": "spotlight",
      "title": "Twilight Scepter",
      "item": "twilightforest:twilight_scepter",
      "advancement": "twilightforest:alt/treasures/twilight_scepter",
      "text": "魔弾を発射"
    }, {
      "type": "spotlight",
      "title": "Twilight Scepter",
      "item": "twilightforest:lifedrain_scepter",
      "advancement": "twilightforest:alt/treasures/lifedrain_scepter",
      "text": "体力を吸収する"
    }, {
      "type": "spotlight",
      "title": "Twilight Scepter",
      "item": "twilightforest:zombie_scepter",
      "advancement": "twilightforest:alt/treasures/zombie_scepter",
      "text": "墓所からモンスターを呼び出し、戦いに加わらせる"
    }, {
      "type": "spotlight",
      "title": "Twilight Scepter",
      "item": "twilightforest:shield_scepter",
      "advancement": "twilightforest:alt/treasures/shield_scepter",
      "text": "一時的に障壁のオーラを纏う"
    }
  ]
}