{
	"title": "データベース",
	"icon":{
		"item": "forestry:database"
	},
	"content": [
		[
			{
				"type": "crafting",
				"locations": [
					"forestry:database_bee_chest_tree_chest_royal_jelly",
					"forestry:database_bee_chest_tree_chest_fruits",
					"forestry:database_bee_chest_butterfly_chest_royal_jelly",
					"forestry:database_bee_chest_butterfly_chest_fruits",
					"forestry:database_tree_chest_bee_chest_royal_jelly",
					"forestry:database_tree_chest_bee_chest_fruits",
					"forestry:database_tree_chest_butterfly_chest_royal_jelly",
					"forestry:database_tree_chest_butterfly_chest_fruits",
					"forestry:database_butterfly_chest_bee_chest_royal_jelly",
					"forestry:database_butterfly_chest_bee_chest_fruits",
					"forestry:database_butterfly_chest_tree_chest_royal_jelly",
					"forestry:database_butterfly_chest_tree_chest_fruits"
				]
			},
			{
				"text": "蜂,樹木,蝶,その他遺伝子アイテムのための保管ブロックです。 136までの個別のアイテムスタックを格納することができ、検索機能が備わっています。"	
			}
		]
	]
}