{
	"title": "遺伝子フィルター",
	"icon":{
		"item": "forestry:genetic_filter"
	},
	"content": [
		[
			{
				"type": "crafting",
				"locations": [
					"forestry:genetic_filter_api",
					"forestry:genetic_filter_arb",
					"forestry:genetic_filter_lep"
				]
			},
			{
				"text": "アイテム整理機能を持ったパイプブロックです。 通過するアイテムの選別を行うための、便利なソートオプションが備わっています。"
			}
		],
		[
			{
				"text": "フィルターGUIには、7つのｱｲﾃﾑｽﾛｯﾄと1つのﾌｨﾙﾀｰｽﾛｯﾄを含んだ6色の行があり、色は6面の接続方向に対応しています。 左側端にあるのはﾊﾞｯﾌｧｽﾛｯﾄであり、各方向から輸送されたアイテムは最初このスロットに保管されます。 左から2番目はﾌｨﾙﾀｰｽﾛｯﾄです。スロットをクリックして、フィルターの設定が行えます。 横に並ぶ他の6つのスロットは、通過する遺伝子アイテムの種類に対する仕分けのために使用します。"
			}
		],
		[
			{
				"text": "色付きのバーで区切られたスロットは2つ1組で扱われています。下側のカッコのついた0-1のしるしは、遺伝個体の種類を表現しています。 2つのスロットは、蜂における顕性遺伝子(左側:0)、 潜性遺伝子(右側:1)で選別を行うことができます。 片方が設定されていない場合、もう片方に当てはまる全ての遺伝子アイテムがその方向へ通されます。"
			}
		],
		[
			{
				"text": "アイテムが当てはまる方向が複数ある場合、それは無差別に決定されます。",
				"paragraph": true
			}
		]
	]
}