{
  "title":"",
  "text": [
    {
      "text": "乾式製錬炉は3x3から11x11までの任意の大きさ(x,z)、そして2以上の任意の高さで構築することができます。 構造が大きくなると、精錬できるアイテムの数と液体の保持量の両方が増加します。 構造には床が必要ですが、天井やフレーム(枠)は必要ありません。"
    },
    {
      "text": "乾式製錬炉は焼成されたブロック、ガラス、タンク、そして製錬炉の配液部を自由に組み合わせて構築することができます。 燃料用として最低1つのタンクが必要ですが、タンクを追加すれば、燃料の保持量を増やせます。 配液部に流出口を取り付け、鋳造台やブロック鋳造台へ液体を注いだり、他のMODからの液体パイプを取り付けて配液部から液体の出し入れを行うことができます。",
	  "paragraph": true
    }
  ]
}