{
  "title":"失われたページ",
  "text": [
    {
      "text": "[素材とあなた(第二版)]へようこそ： 今日と明日を生きぬきましょう。 残念ながら、いくつかのページが失われているようです！"
    },
    {
      "text": "この本は現在不完全ですが、全てのツール素材と各改造の内容が含まれています。 これ以降のバージョンにはより多くの情報が 盛り込まれる予定ですので、たまに確認して ください！",
      "paragraph": true
    },
    {
      "text": "銅やアルミニウムについては...無くなりました:TConstructで追加される鉱石がネザーのコバルトとアーダイトだけになり、他の一般的な鉱石は生成されません。 ただしそれらの金属鉱石を追加する他のMODについては自動的に対応が行われます。",
      "paragraph": true
    }
  ]
}