{
  "title":"Surviving the first day and beyond",
  "text": [
    {
      "text": "[素材とあなた](第二版): ~サバイバルの今日と明日~ へようこそ。 このページには、手に入れた素材を使ってツールを作成するための最初のステップが記されています。"
    },
    {
      "text": "\n"
    },
    {
      "text": "\n"
    },
    {
      "text": "この本は魔法の複製品であり、原本側が修正されるたびに更新されます。 新しい情報について時々確認してください。"
    },
    {
      "text": "\n"
    },
    {
      "text": "\n"
    },
    {
      "text": "ツール作成の最初のステップは、未加工の型板を作成することです。 これは型板作成台で作成したいパーツの形状を写し取るためのものであり、今後の作成の手本(設計図)として使用します。"
    }
  ]
}