{
  "title":"",
  "text": [
    {
      "text": "型板を使用してパーツ製作台で金属以外の素材をパーツへ成形し、ツールステーションでそれらを組み合わせられます。 型板は型板チェストに保管し、そこから他の作業台から取り出して使うことができます。 最後に、古株であるバニラ作業台を改良作業台へ変換します。 これは置かれたアイテムを保持することができ、とっさに離れるなど時に素材を配置し直す手間が無くなります。"
    },
    {
      "text": "\n"
    },
    {
      "text": "\n"
    },
    {
      "text": "これらを集合させて、ツールワークショップ(道具制作場)を造り上げます。 なるべく近くにまとめて置いておくことをお勧めします。 その環境が各アイテムを作成する方法を説明し、それらがどのように連携するか、最適であるかを示してくれます。"
    }
  ]
}